Genome	Eae	EspK	EspN	EspV	Stx1	Stx2	SubA
107165	1	1	1	1	0	0	0
111046-001	1	1	1	1	0	1	0
57282	1	1	1	0	1	0	0
EP21-3018	1	1	1	0	1	1	0
EP21-3018-M00994	1	1	1	0	1	1	0
EP21-5149	1	0	1	1	1	0	0
EP21-5149-M00994	1	0	1	1	1	0	0
EP21-6898	1	1	1	1	1	1	0
EP21-6898-M00994	1	1	1	1	1	1	0
IEH-NGS-ECO-00478	1	1	1	1	0	1	0
IEH-NGS-ECO-00480	1	1	1	1	1	1	0
IEH-NGS-ECO-00481	1	1	1	1	1	1	0
IEH-NGS-ECO-00484	0	0	0	0	0	1	0
IEH-NGS-ECO-00485	0	0	0	0	0	1	0
IEH-NGS-ECO-00486	0	0	0	0	0	1	0
IEH-NGS-ECO-00487	0	0	0	0	0	1	0
IEH-NGS-ECO-00488	0	0	0	0	0	1	0
IEH-NGS-ECO-00489	0	0	0	0	0	1	0
IEH-NGS-ECO-00490	0	0	0	0	0	1	0
IEH-NGS-ECO-00491	0	0	0	0	0	1	0
IEH-NGS-ECO-00492	0	0	0	0	0	1	0
IEH-NGS-ECO-00493	0	0	0	0	0	1	0
IEH-NGS-ECO-00494	0	0	0	0	0	1	0
IEH-NGS-ECO-00495	0	0	0	0	0	1	0
IEH-NGS-ECO-00496	0	0	0	0	0	1	0
IEH-NGS-ECO-00497	0	0	0	0	0	1	0
IEH-NGS-ECO-00498	0	0	0	0	0	1	0
W501193	1	1	1	1	0	1	0
W505670	1	1	1	1	1	1	0
W507939	1	1	1	1	0	1	0
W507941	1	0	1	1	1	0	0
W507942	0	0	0	0	1	1	0
W507946	1	1	1	1	1	0	0
W507950	1	0	0	0	0	0	0
W507951	1	0	1	1	1	0	0
W507953	1	1	1	1	1	1	0
W507954	1	1	1	1	1	1	0
W507962	1	0	1	1	0	1	0
W507963	1	1	1	1	0	1	0
W507967	1	0	0	0	0	0	0
W507968	0	0	0	0	0	1	0
W507969	1	0	1	1	1	0	0
W507971	1	1	1	1	1	1	0
W507972	1	1	1	1	0	1	0
W507973	1	1	1	1	1	1	0
W507975	1	0	1	1	1	0	0
W507976	1	1	0	0	0	1	0
W507977	1	1	0	0	0	1	0
W508153	1	1	1	1	1	1	0
W508154	1	1	1	1	0	1	0
W508164	1	0	0	0	0	0	0
W508165	1	1	1	1	0	1	0
W508167	1	1	1	1	0	1	0
W508168	1	0	1	0	0	0	0
W508268	1	1	1	1	1	0	0
W508269	0	0	0	0	1	1	0
W508630	1	1	1	1	0	1	0
W508631	1	1	1	1	0	1	0
W508632	1	1	1	1	1	1	0
W508633	1	1	1	1	0	1	0
W508634	1	1	1	1	1	1	0
W508635	0	0	0	0	0	1	0
W508636	1	1	1	1	0	1	0
W508637	1	1	1	1	1	1	0
W508692	1	1	1	1	1	1	0
W508877	0	0	0	0	0	1	0
W510155	1	1	1	1	0	1	0
W510167	0	0	0	0	1	1	0
W510463	1	1	1	1	1	0	0
W510473	0	0	0	0	1	1	0
W510492	0	0	0	0	1	1	0
W510514	1	0	0	0	0	0	0
W510515	1	0	0	0	0	0	0
W510529	0	0	0	0	0	1	1
W510708	0	0	0	0	0	1	0
W510899	1	1	1	1	0	1	0
W510900	1	1	1	1	1	1	0
W510902	1	1	1	1	1	1	0
W510903	1	1	1	1	0	1	0
W510904	1	0	1	1	0	0	0
W510905	1	0	1	1	1	0	0
W510906	1	1	1	1	1	1	0
W510909	1	1	1	1	1	1	0
W510911	1	0	1	1	0	0	0
W510914	1	0	1	1	1	0	0
W510941	1	1	1	1	0	1	0
W510942	1	1	1	1	0	1	0
W510943	1	1	1	1	0	1	0
W510944	1	1	1	1	0	1	0
W510945	1	1	1	1	0	1	0
W510946	1	1	1	1	0	1	0
W510947	1	1	1	1	1	1	0
W510948	1	1	1	1	1	1	0
W510949	1	1	1	1	1	1	0
W510950	1	1	1	1	1	1	0
W510951	1	1	1	1	1	1	0
W510952	1	0	1	1	1	0	0
W510953	1	0	1	1	1	0	0
W510954	1	0	1	1	1	0	0
W510955	1	0	1	1	1	0	0
W510962	1	1	1	1	0	1	0
W511005	1	0	1	0	1	0	0
W511096	1	1	1	1	1	1	0
W511098	1	1	1	1	1	0	0
W511210	1	1	1	1	1	1	0
W511211	1	1	1	1	1	1	0
W511259	1	1	1	1	1	1	0
W511260	1	1	1	1	1	1	0
W511261	1	1	1	1	1	1	0
W511333	1	1	1	1	1	1	0
W511437	1	1	1	1	0	1	0
W511476	1	1	1	1	0	1	0
W511594	0	0	0	0	1	1	0
W511595	0	0	0	0	1	1	0
W511656	1	1	1	1	1	1	0
W511657	1	1	1	1	1	1	0
W511658	1	1	1	1	0	1	0
W511746	1	0	0	1	0	0	0
W511747	1	0	0	1	0	0	0
W511748	0	0	0	0	0	1	0
W511749	1	1	1	1	1	0	0
W511778	1	1	1	1	0	1	0
W511779	1	1	1	1	0	1	0
W511780	1	1	1	1	0	1	0
W511781	1	0	1	1	1	0	0
W511782	1	1	1	1	1	1	0
W511796	0	0	0	0	0	1	0
W511813	1	1	1	1	0	1	0
W511814	1	0	0	1	0	1	0
W511900	1	1	1	1	1	0	0
W511914	1	0	0	0	0	0	0
W511917	1	1	0	1	1	0	0
W511919	1	1	1	1	1	1	0
W512018	0	0	0	0	0	1	0
W512119	1	0	0	1	0	0	0
W512120	1	1	1	1	1	1	0
W512121	1	1	1	1	1	1	0
W512122	1	1	1	1	1	1	0
W512123	1	1	1	0	1	0	0
W512124	1	1	1	1	0	0	0
W512125	1	0	1	1	1	0	0
W512127	1	1	1	1	1	1	0
W512146	1	0	0	1	0	0	0
W512148	0	0	0	0	0	1	0
W512149	1	1	1	1	1	1	0
W512150	1	1	1	1	0	1	0
W512321	1	1	1	1	0	1	0
W512322	1	1	1	1	1	1	0
W512323	1	1	1	1	0	1	0
W512324	1	1	1	1	1	1	0
W512326	1	1	1	1	1	1	0
W512549	1	1	1	1	1	1	0
W512599	1	1	1	1	0	1	0
W512654	1	1	1	1	0	1	0
W512656	1	0	1	1	1	0	0
W512657	1	0	1	1	1	0	0
W512658	1	1	1	1	0	1	0
W512659	1	1	0	0	0	0	0
W512673	1	0	0	0	0	0	0
W512675	0	0	0	0	0	1	0
W512678	1	0	0	1	1	0	0
W512679	1	0	0	1	1	0	0
W512680	1	0	0	1	1	0	0
W512681	1	0	0	1	1	0	0
W512698	1	1	1	1	1	1	0
W512699	1	1	1	1	1	1	0
W512700	1	1	1	1	1	1	0
W512701	1	1	1	1	0	0	0
W512702	1	1	1	1	0	1	0
W512703	1	1	1	1	0	1	0
W512704	1	1	1	1	0	1	0
W512705	1	1	1	1	0	1	0
W512706	1	0	1	1	1	0	0
W512707	1	1	1	1	1	1	0
W512708	1	1	0	0	1	0	0
W512789	1	1	1	1	0	0	0
W512790	1	1	1	1	0	1	0
W512791	1	1	1	1	1	0	0
W512792	1	1	1	1	1	1	0
W512793	1	1	1	1	0	1	0
W513928	1	1	1	1	1	1	0
W513959	1	0	1	1	1	0	0
W513960	1	1	1	1	1	1	0
W513984	1	1	1	1	1	1	0
W513985	1	1	1	1	1	1	0
W513986	1	1	1	1	0	1	0
W513987	1	1	1	1	1	1	0
W513988	1	1	1	1	1	1	0
W513989	1	1	1	1	0	1	0
W513990	1	1	1	1	0	1	0
W514042	1	0	0	0	0	0	0
W514084	0	0	0	0	1	1	0
W514085	0	0	0	0	1	1	0
W514099	1	1	1	1	1	1	0
W514100	1	1	1	1	1	1	0
W514101	1	1	1	1	1	1	0
W514109	0	0	0	0	0	1	0
W514135	0	0	0	0	0	1	0
W514136	0	0	0	0	1	1	0
W514332	0	0	0	0	0	1	0
W514333	0	0	0	0	1	1	0
W514334	0	0	0	0	0	1	0
W514335	0	0	0	0	0	1	0
W514372	1	1	1	1	0	1	0
W514373	1	1	1	1	0	0	0
W514383	1	0	0	1	0	0	0
W514384	1	0	1	1	0	0	0
W514436	0	0	0	0	0	1	0
W514485	1	1	1	1	1	1	0
W514486	1	1	1	1	1	1	0
W514562	1	1	1	1	1	0	0
W514563	1	1	1	1	1	1	0
W514564	1	1	1	1	1	0	0
W514565	1	1	1	1	1	1	0
W514566	1	1	1	1	0	0	0
W514567	1	1	1	1	0	0	0
W514568	1	1	1	1	0	0	0
W514569	1	1	1	1	0	0	0
W514570	1	1	1	0	1	0	0
W514571	1	0	1	1	1	0	0
W514572	1	1	1	1	1	1	0
W514573	1	1	1	1	1	1	0
W514574	1	1	1	1	1	1	0
W514575	1	1	1	1	0	1	0
W514576	1	1	1	1	1	0	0
W514577	1	1	1	1	1	1	0
W514598	1	1	1	1	0	0	0
W514599	1	1	1	1	0	0	0
W514600	1	1	1	1	1	1	0
W514601	1	1	1	1	0	0	0
W514653	1	1	1	1	0	0	0
W514689	1	1	1	1	1	1	0
W514690	1	1	1	1	0	1	0
W514691	1	1	1	1	1	1	0
W514692	1	1	1	1	1	1	0
W514693	1	1	1	1	0	1	0
W514694	1	1	1	1	0	1	0
W514710	1	1	1	1	0	1	0
W514727	1	1	1	1	1	0	0
W514780	1	1	0	0	0	0	0
W514854	1	0	0	1	1	0	0
W514855	1	0	0	1	1	0	0
W514856	1	0	0	1	1	0	0
W514857	1	0	0	1	1	0	0
W514858	1	0	0	1	1	0	0
W514859	1	0	0	1	1	0	0
W514860	1	0	0	1	1	0	0
W514861	1	0	0	1	1	0	0
W514862	1	0	0	1	1	0	0
W514863	1	1	1	1	1	1	0
W514864	1	1	1	1	1	1	0
W514865	1	1	1	1	1	1	0
W514866	1	1	1	1	1	1	0
W514867	1	1	1	1	1	1	0
W514868	1	1	1	1	1	1	0
W514869	1	1	1	1	1	1	0
W514870	1	1	1	1	1	1	0
W514890	1	1	1	1	1	1	0
W514891	1	1	1	1	1	1	0
W514892	1	1	1	1	1	1	0
W514893	1	1	1	1	0	1	0
W514894	1	1	1	0	1	0	0
W514928	1	1	1	1	0	0	0
W514952	1	0	0	1	1	0	0
W514953	1	0	0	1	1	0	0
W514954	1	0	0	1	1	0	0
W514955	1	0	0	1	1	0	0
W514956	1	0	0	1	1	0	0
W514957	1	0	0	1	1	0	0
W514958	1	0	0	1	1	0	0
W514959	1	0	0	1	1	0	0
W514960	1	0	0	1	1	0	0
W514972	1	1	1	1	0	0	0
W514973	1	1	1	1	1	1	0
W514974	1	1	1	1	1	1	0
W514975	1	1	1	1	1	1	0
W514976	1	1	1	1	1	1	0
W514977	1	1	1	1	1	1	0
W514978	1	1	1	1	1	1	0
W514979	1	1	1	1	1	1	0
W514980	1	1	1	1	0	0	0
W514981	1	0	0	1	1	0	0
W514982	1	0	0	1	1	0	0
W514983	1	0	0	1	1	0	0
W515046	0	0	0	0	0	1	0
W515053	1	0	0	1	1	0	0
W515054	1	0	0	1	1	0	0
W515055	1	0	0	1	1	0	0
W515056	1	0	0	1	1	0	0
W515057	1	0	0	1	1	0	0
W515061	1	1	1	0	1	0	0
W515133	0	0	0	0	0	1	0
W515134	0	0	0	0	0	1	0
W515135	0	0	0	0	0	1	0
W515136	0	0	0	0	0	1	0
W515137	0	0	0	0	0	1	0
W515138	0	0	0	0	0	1	0
W515139	0	0	0	0	0	1	0
W515140	0	0	0	0	0	1	0
W515141	0	0	0	0	0	1	0
W515142	0	0	0	0	0	1	0
W515220	0	0	0	0	0	1	0
W515221	1	1	1	1	0	1	0
W515222	1	1	1	1	0	1	0
W515223	1	1	1	1	0	1	0
W515224	1	1	0	0	0	0	0
W515226	1	1	0	0	0	0	0
W515227	1	0	1	1	1	0	0
W515607	1	1	1	0	1	0	0
W515674	1	1	1	1	1	1	0
W515675	1	1	1	1	0	0	0
W515676	1	1	1	1	0	1	0
W515793	1	1	0	0	0	0	0
W515847	1	1	1	1	0	1	0
W515848	1	1	1	1	0	1	0
W515849	1	1	1	1	0	1	0
W515850	1	1	1	1	1	1	0
W515851	1	1	1	1	0	1	0
W515852	1	1	1	1	0	1	0
W515853	1	1	1	1	0	1	0
W515854	1	1	1	1	1	1	0
W515855	1	1	1	1	1	1	0
W515879	1	0	0	0	0	0	0
W515880	1	1	1	1	0	1	0
W515881	1	1	1	1	0	1	0
W515882	0	0	0	0	1	0	0
W515944	0	0	0	0	0	1	0
W515945	1	1	1	1	1	1	0
W515946	1	1	1	1	1	1	0
W515957	1	1	1	1	1	1	0
W515958	1	1	1	1	1	1	0
W515972	1	1	1	1	1	1	0
W516028	1	1	1	1	1	0	0
W516029	1	1	1	1	0	1	0
W516031	1	1	1	1	1	1	0
W516032	1	1	0	0	0	1	0
W516352	1	1	0	0	1	0	0
W516365	1	1	1	1	0	1	0
W516475	1	1	1	0	1	0	0
W516516	1	1	1	0	1	0	0
W516742	1	0	0	0	0	0	0
W516777	1	0	1	1	1	0	0
W516992	0	0	0	0	0	1	0
W516993	1	0	1	1	1	0	0
W517003	1	1	1	1	0	0	0
W517158	0	0	0	0	0	1	0
W517159	0	0	0	0	0	1	0
W517161	1	0	0	1	1	0	0
W517163	0	0	0	0	0	1	0
W517166	0	0	0	0	0	1	0
W517167	1	0	0	0	0	0	0
W517168	0	0	0	0	0	1	0
W517169	0	0	0	0	1	1	0
W517183	1	0	0	0	0	0	0
W517185	0	0	0	0	0	1	0
W517186	0	0	0	0	0	1	0
W517187	0	0	0	0	0	1	0
W517188	0	0	0	0	0	1	0
W517190	0	0	0	0	0	1	0
W517192	0	0	0	0	0	1	0
W517209	0	0	0	0	0	1	0
W517210	0	0	0	0	0	1	0
W517284	1	0	1	1	1	0	0
W517351	0	0	0	0	1	1	0
W517353	1	0	0	0	0	0	0
W517354	0	0	0	0	0	1	0
W517355	0	0	0	0	0	1	0
W517356	0	0	0	0	0	1	0
W517357	0	0	0	0	0	1	0
W517358	0	0	0	0	0	1	0
W517359	0	0	0	0	0	1	0
W517360	0	0	0	0	0	0	1
W517361	0	0	0	0	0	1	0
W517362	0	0	0	0	0	1	0
W517380	0	0	0	0	0	1	0
W517381	0	0	0	0	0	1	0
W517382	0	0	0	0	0	1	0
W517387	0	0	0	0	0	1	0
W517394	1	1	1	1	1	1	0
W517399	1	0	0	0	0	0	0
W517401	0	0	0	0	1	1	0
W517402	0	0	0	0	0	1	0
W517403	0	0	0	0	0	1	0
W517433	1	0	0	0	0	0	0
W517515	1	1	1	1	1	1	0
W517517	1	1	1	1	1	1	0
W517526	1	1	1	1	0	1	0
W517562	0	0	0	0	0	1	0
W517563	0	0	0	0	0	1	0
W517564	0	0	0	0	0	1	0
W517583	0	0	0	0	0	1	0
W517625	1	1	1	1	0	1	0
W517632	0	0	0	0	0	1	0
W517646	0	0	0	0	1	1	0
W517647	0	0	0	0	0	1	0
W517664	0	0	0	0	0	1	0
W517665	1	0	0	0	0	0	0
W517666	1	0	0	0	0	0	0
W517671	0	0	0	0	0	1	0
W517673	1	0	0	0	0	0	0
W517674	1	0	0	0	0	0	0
W517675	0	0	0	0	0	1	0
W517685	1	0	0	0	0	0	0
W517686	0	0	0	0	1	0	0
W517689	0	0	0	0	0	1	0
W517845	0	0	0	0	0	1	0
W517846	0	0	0	0	0	1	0
W517847	0	0	0	0	0	1	0
W517848	0	0	0	0	0	1	0
W517851	0	0	0	0	0	1	0
W517852	1	0	0	0	0	0	0
W517853	1	0	0	0	0	0	0
W517854	0	0	0	0	0	1	0
W517861	0	0	0	0	0	1	0
W517862	0	0	0	0	0	1	0
W517863	0	0	0	0	0	1	0
W517864	0	0	0	0	0	1	0
W517866	0	0	0	0	0	1	0
W517867	0	0	0	0	0	1	0
W517868	0	0	0	0	0	1	0
W517869	0	0	0	0	0	1	0
W517870	0	0	0	0	0	1	0
W517871	0	0	0	0	0	1	0
W517872	0	0	0	0	0	1	0
W517873	0	0	0	0	0	1	0
W517874	0	0	0	0	0	1	0
W517875	0	0	0	0	0	1	0
W517960	1	1	1	1	1	1	0
W517961	1	1	1	1	1	1	0
W517962	1	1	1	1	1	1	0
W517963	1	1	1	1	1	1	0
W517964	1	1	1	1	1	1	0
W517965	1	1	1	1	1	1	0
W517966	1	1	1	1	1	0	0
W517969	1	0	0	1	1	0	0
W517970	1	0	0	1	1	0	0
W517971	1	0	0	1	1	0	0
W517972	1	0	0	1	1	0	0
W517973	1	1	1	1	0	1	0
W518046	1	1	1	1	0	1	0
W518187	0	0	0	0	1	1	0
W518195	1	1	1	1	0	1	0
W518196	1	1	1	1	0	1	0
W518203	0	0	0	0	1	1	0
W518204	0	0	0	0	0	1	0
W518205	1	1	1	0	1	0	0
W518206	0	0	0	0	1	1	0
W518207	0	0	0	0	1	1	0
W518208	0	0	0	0	1	1	0
W518209	0	0	0	0	1	1	0
W518210	0	0	0	0	1	1	0
W518211	0	0	0	0	1	1	0
W518212	0	0	0	0	1	1	0
W518239	0	0	0	0	0	1	0
W518240	0	0	0	0	0	1	0
W518241	0	0	0	0	0	1	0
W518242	0	0	0	0	0	1	0
W518243	0	0	0	0	0	1	0
W518362	0	0	0	0	1	1	0
W518402	0	0	0	0	1	1	0
W518403	0	0	0	0	1	1	0
W518404	0	0	0	0	1	1	0
W518412	1	1	1	1	1	1	0
W518413	1	1	1	1	1	1	0
W518414	1	1	1	1	1	1	0
W518473	0	0	0	0	0	1	0
W518478	1	1	1	1	0	0	0
W518479	1	1	1	1	0	0	0
W518480	1	1	1	1	0	0	0
W518484	1	1	1	1	1	1	0
W518485	1	1	1	1	1	1	0
W518486	1	1	1	1	1	1	0
W518487	1	1	1	1	1	1	0
W518823	0	0	0	0	1	1	0
W518824	0	0	0	0	1	1	0
W518825	0	0	0	0	1	1	0
W518827	0	0	0	0	0	1	0
W518831	1	1	1	1	0	1	0
W518832	1	1	1	1	0	1	0
W518833	1	1	1	1	0	1	0
W518837	1	0	0	1	0	0	0
W519029	1	1	1	1	0	1	0
W519030	1	1	1	1	0	1	0
W519031	1	1	1	1	0	1	0
W519034	1	1	1	1	1	0	0
W519035	1	1	1	0	1	0	0
W519060	1	0	1	1	1	0	0
W519132	1	0	0	0	0	0	0
W519133	1	0	0	0	0	0	0
W519164	0	0	0	0	1	1	0
W519165	0	0	0	0	1	1	0
W519166	0	0	0	0	1	1	0
W519167	0	0	0	0	1	1	0
W519168	0	0	0	0	1	1	0
W519169	0	0	0	0	1	1	0
W519170	0	0	0	0	1	1	0
W519241	0	0	0	0	1	1	0
W519242	0	0	0	0	1	1	0
W519243	0	0	0	0	1	1	0
W519244	0	0	0	0	1	1	0
W519245	0	0	0	0	1	1	0
W519246	0	0	0	0	1	1	0
W519247	0	0	0	0	1	1	0
W519248	0	0	0	0	1	1	0
W519249	0	0	0	0	0	1	0
W519264	0	0	0	0	0	1	0
W519428	1	1	1	1	1	1	0
W519543	1	1	1	1	1	1	0
W519544	1	1	1	0	1	0	0
W519565	1	1	1	1	1	1	0
W519928	1	0	0	1	1	0	0
W520015	1	1	1	1	1	1	0
W520094	1	1	1	1	0	1	0
W520168	0	0	0	0	0	1	0
W520176	0	0	0	0	1	1	0
W520177	0	0	0	0	1	1	0
W520178	0	0	0	0	1	1	0
W520179	0	0	0	0	1	1	0
W520180	0	0	0	0	1	1	0
W520181	0	0	0	0	1	1	0
W520231	0	0	0	0	0	1	0
W520353	1	1	1	1	1	1	0
W520366	1	0	0	0	0	0	0
W520439	0	0	0	0	1	1	0
W520440	1	1	1	1	0	1	0
W520441	1	1	1	1	0	1	0
W520442	1	1	1	1	0	1	0
W520443	1	1	1	1	0	1	0
W520444	1	1	1	1	0	1	0
W520445	1	1	1	1	0	0	0
W520689	1	1	1	1	0	1	0
W520814	1	1	1	1	0	1	0
W520815	1	1	1	1	0	1	0
W520816	1	1	1	1	0	1	0
W520817	1	0	1	1	1	0	0
W520818	1	1	1	1	1	0	0
W520819	1	1	1	0	1	0	0
W520820	1	1	1	0	1	0	0
W520821	1	1	1	1	1	0	0
W520822	1	1	1	0	1	0	0
W520823	1	1	0	1	1	1	0
W520824	1	1	0	1	1	0	0
W521303	1	1	1	1	1	1	0
W521312	1	0	0	1	1	0	0
W523475	0	0	0	0	1	1	0
W523476	1	0	0	1	0	1	0
W523477	1	0	0	1	0	1	0
W523478	1	0	0	1	0	1	0
W523479	1	0	0	1	1	0	0
W523507	1	0	0	1	1	0	0
W523508	1	0	0	1	1	0	0
W523509	1	0	0	1	0	1	0
W523624	1	0	0	1	1	0	0
W523716	1	0	1	1	0	1	0
W523717	1	0	1	1	0	1	0
W523718	1	0	0	1	1	0	0
W523719	0	0	0	0	1	1	0
W523720	0	0	0	0	0	1	0
W523721	1	1	1	1	1	1	0
W523722	1	1	1	1	1	1	0
W523723	1	1	1	1	1	1	0
W523724	1	1	1	1	1	1	0
W523725	1	1	1	1	1	1	0
W523726	1	1	1	1	1	1	0
W523727	1	1	1	1	1	1	0
W523728	1	1	1	1	1	1	0
W523729	1	0	0	1	1	0	0
W5237291T	1	0	0	1	1	0	0
W5237292T	1	0	0	1	1	0	0
W523731	0	0	0	0	1	1	0
W523732	1	0	0	1	1	0	0
W5237321T	1	0	0	1	1	0	0
W5237322T	1	0	0	1	1	0	0
W523733	1	0	0	1	0	1	0
W523734	1	0	0	1	1	0	0
W523735	1	0	0	1	1	0	0
W523736	1	0	0	1	0	1	0
W523737	1	0	0	1	1	0	0
W523738	1	0	0	1	1	0	0
W523739	1	1	1	1	1	1	0
W523774	1	0	1	1	0	1	0
W523775	1	0	0	1	1	0	0
W523776	1	0	0	1	1	0	0
W523777	0	0	0	0	0	1	0
W523778	1	1	0	1	1	0	0
W523779	1	1	1	1	1	1	0
W523780	1	1	1	1	1	1	0
W523781	1	1	1	1	1	1	0
W523782	1	1	1	1	1	1	0
W523783	1	1	1	1	1	1	0
W523784	1	1	1	1	1	1	0
W523812	1	0	0	1	0	0	0
W523813	1	0	0	1	0	0	0
W523858	1	0	1	1	0	1	0
W523859	1	0	1	1	0	1	0
W523860	1	0	0	1	1	0	0
W523861	0	0	0	0	1	1	0
W523862	0	0	0	0	0	1	0
W523863	1	1	1	1	1	1	0
W523864	1	1	1	1	1	1	0
W523868	1	0	0	1	1	0	0
W523892	1	0	0	1	1	0	0
W523893	1	0	0	1	1	0	0
W523894	1	0	0	1	1	0	0
W523895	1	0	0	1	1	0	0
W523896	0	0	0	0	0	1	0
W523897	0	0	0	0	0	1	0
W523898	1	1	1	1	1	1	0
W523901	1	1	1	1	1	1	0
W523902	1	1	1	1	1	1	0
W523903	1	1	1	1	1	1	0
W523904	1	1	1	1	1	1	0
W523905	1	1	1	1	1	1	0
W523906	1	1	1	1	1	1	0
W523907	1	1	1	1	1	1	0
W523908	1	1	1	1	1	1	0
W523909	1	1	1	1	1	1	0
W523910	1	1	1	1	1	1	0
W523911	1	1	1	1	1	1	0
W523912	1	1	1	1	1	1	0
W523913	1	1	1	1	1	1	0
W523914	1	1	1	1	1	1	0
W523915	1	1	1	1	1	1	0
W523916	1	1	1	1	1	1	0
W523917	1	1	1	1	1	1	0
W523921	1	1	1	1	1	1	0
W523922	1	0	0	1	1	0	0
W523923	1	0	0	1	1	0	0
W523924	1	0	0	1	1	0	0
W523925	1	0	0	1	1	0	0
W523926	1	1	0	1	1	0	0
W523927	1	0	0	1	0	1	0
W523928	1	0	0	1	0	1	0
W523929	1	0	0	1	0	1	0
W523930	1	0	0	1	1	0	0
W523931	1	0	1	1	0	1	0
W523932	1	0	0	1	1	0	0
W523933	1	0	0	1	1	0	0
W523934	1	0	0	1	1	0	0
W523935	1	0	0	1	1	0	0
W523936	1	0	0	1	1	0	0
W523937	1	0	0	1	1	0	0
W523938	0	0	0	0	0	1	0
W523939	1	0	0	1	1	0	0
W523940	1	0	0	1	1	0	0
W523942	1	1	0	1	1	0	0
W523943	1	1	1	1	1	1	0
W523944	1	1	1	1	1	1	0
W523945	1	1	1	1	1	1	0
W523946	1	1	1	1	1	1	0
W523947	1	1	1	1	1	1	0
W523948	1	1	1	1	1	1	0
W523949	1	1	1	1	1	1	0
W523950	1	1	1	1	1	1	0
W523951	1	1	1	1	1	1	0
W523952	1	1	1	1	1	1	0
W523953	1	1	1	1	1	1	0
W523954	1	1	1	1	1	1	0
W523955	1	1	1	1	1	1	0
W523956	1	1	1	1	1	1	0
W523957	1	1	1	1	1	1	0
W523958	1	1	1	1	1	1	0
W523959	1	1	1	1	1	1	0
W523960	1	1	1	1	1	1	0
W523961	1	1	1	1	1	1	0
W523962	1	1	1	1	1	1	0
W523963	1	1	1	1	1	1	0
W523964	1	1	1	1	1	1	0
W523965	1	1	1	1	1	1	0
W524019	0	0	0	0	1	1	0
W524020	1	1	1	0	1	0	0
W524053	1	0	0	1	1	0	0
W524054	1	1	0	1	1	0	0
W524134	1	1	0	0	0	1	0
W524135	1	0	0	1	1	0	0
W524167	1	0	0	1	0	1	0
W524168	1	0	0	1	1	0	0
W524187	1	0	1	1	0	1	0
W524188	1	0	1	1	0	1	0
W524189	1	0	1	1	0	1	0
W524190	1	1	1	1	1	1	0
W524191	1	1	1	1	1	1	0
W524192	1	0	0	1	1	0	0
W524225	1	1	1	1	0	1	0
W524226	1	1	1	1	0	1	0
W524227	1	1	1	1	0	1	0
W524228	1	1	1	1	0	1	0
W524229	1	1	1	1	0	1	0
W524230	1	1	1	1	0	1	0
W524231	1	1	1	1	0	1	0
W524232	1	1	1	1	0	1	0
W524233	1	1	1	1	0	1	0
W524234	1	1	1	1	0	1	0
W524235	1	1	1	1	0	1	0
W524236	1	1	1	1	0	1	0
W524237	1	1	1	1	0	1	0
W524238	1	1	1	1	0	1	0
W524239	1	1	1	1	0	1	0
W524240	1	1	1	1	0	1	0
W524241	1	1	1	1	0	1	0
W524242	1	1	1	1	0	1	0
W524243	1	1	1	1	0	1	0
W524244	1	1	1	1	0	1	0
W524245	1	1	1	1	0	1	0
W524246	1	1	1	1	0	1	0
W524247	1	1	1	1	0	1	0
W524248	1	1	1	1	0	1	0
W524249	1	1	1	1	0	1	0
W524250	1	0	0	1	1	0	0
W524251	1	0	0	1	1	0	0
W524252	1	0	0	1	1	0	0
W524253	1	0	0	1	1	0	0
W524254	1	1	1	1	0	1	0
W524255	1	1	1	1	0	1	0
W524256	1	1	1	1	0	1	0
W524257	1	1	1	1	0	1	0
W524258	1	1	1	1	0	1	0
W524259	1	1	1	1	0	1	0
W524260	1	1	1	1	0	1	0
W524261	1	1	1	1	0	1	0
W524262	1	1	1	1	0	1	0
W524263	1	1	1	1	0	1	0
W524264	1	1	1	1	0	1	0
W524265	1	1	1	1	0	1	0
W524266	1	1	1	1	0	1	0
W524267	1	1	1	1	0	1	0
W524268	1	1	1	1	0	1	0
W524269	1	1	1	1	0	1	0
W524270	1	1	1	1	0	1	0
W524271	1	1	1	1	0	1	0
W524272	1	1	1	1	0	1	0
W524273	1	1	1	1	0	1	0
W524274	1	1	1	1	0	1	0
W524275	1	1	1	1	0	1	0
W524276	1	1	1	1	0	1	0
W524277	1	1	1	1	0	1	0
W524278	1	1	1	1	0	1	0
W524279	1	1	1	1	0	1	0
W524280	1	1	1	1	0	1	0
W524281	1	1	1	1	0	1	0
W524282	1	1	1	1	0	1	0
W524283	1	1	1	1	0	1	0
W524284	1	1	1	0	1	0	0
W524285	1	0	0	1	1	0	0
W524286	1	0	0	1	1	0	0
W524287	1	0	0	1	1	0	0
W524288	1	0	0	1	1	0	0
W524289	1	0	0	1	1	0	0
W524290	1	0	0	1	1	0	0
W524291	1	0	0	1	1	0	0
W524292	1	1	0	1	1	0	0
W524293	1	0	0	1	1	0	0
W524294	1	0	0	1	1	0	0
W524295	1	0	0	1	1	0	0
W524296	1	0	0	1	1	0	0
W524297	1	0	0	1	1	0	0
W524298	1	0	0	1	1	0	0
W524299	1	0	0	1	1	0	0
W524329	1	1	1	1	0	1	0
W524350	1	0	0	1	1	0	0
W524401	1	1	1	1	0	1	0
W524418	0	0	0	0	1	1	0
W524419	1	0	0	1	1	0	0
W524420	1	0	0	1	1	0	0
W524715	1	1	1	1	1	1	0
W524716	1	1	1	1	1	1	0
W524717	1	1	1	1	1	1	0
W524718	1	1	1	1	1	1	0
W524719	1	1	1	1	1	1	0
W524720	1	1	1	1	1	1	0
W524721	1	1	1	1	1	1	0
W524722	1	1	1	1	1	1	0
W524723	1	1	1	1	1	1	0
W524724	1	1	1	1	1	1	0
W524725	1	0	0	1	1	0	0
W524726	0	0	0	0	1	1	0
W524730	1	0	0	1	1	0	0
W524818	1	1	1	0	1	0	0
W524819	1	1	1	1	1	1	0
W524820	1	1	1	1	1	1	0
W524821	1	1	1	0	1	0	0
W524822	1	1	1	1	1	1	0
W524823	1	1	1	1	1	1	0
W524824	1	1	1	1	0	1	0
W524957	1	0	1	1	1	0	0
W524989	1	0	0	0	0	1	0
W525116	1	1	1	0	1	0	0
W525117	1	1	1	1	1	0	0
W525118	1	1	1	1	1	0	0
W525119	1	1	1	1	1	0	0
W525120	1	1	1	0	1	0	0
W525121	1	1	1	1	1	1	0
W525122	1	0	0	0	0	0	0
W525123	1	0	1	1	1	0	0
W525124	1	0	1	1	1	0	0
W525125	1	1	1	1	1	0	0
W525126	1	0	1	1	1	0	0
W525127	1	0	0	1	0	0	0
W525141	1	0	0	1	1	0	0
W525203	1	0	0	1	1	0	0
W525203A	1	0	0	1	1	0	0
W525204	1	0	0	1	1	0	0
W525204A	1	0	0	1	1	0	0
W525205	1	0	0	1	1	0	0
W525205A	1	0	0	1	1	0	0
W525206	1	0	0	1	1	0	0
W525206A	1	0	0	1	1	0	0
W525207	1	1	1	1	0	1	0
W525207A	1	1	1	1	0	1	0
W525218	1	0	0	1	1	0	0
W525229	1	0	0	1	0	1	0
W525247	1	1	1	1	0	1	0
W525330	1	0	0	1	1	0	0
W525334	1	1	1	1	0	1	0
W525389	1	1	1	1	1	1	0
W525431	1	1	1	1	1	1	0
W525432	0	0	0	0	0	1	0
W525624	1	1	1	1	1	1	0
W525625	1	1	1	1	1	1	0
W525626	1	1	1	1	1	1	0
W525627	1	1	1	1	1	1	0
W525628	1	1	1	1	1	1	0
W525629	1	1	1	1	1	1	0
W525630	1	1	1	1	1	1	0
W525631	1	1	1	1	1	1	0
W525632	1	1	1	1	1	1	0
W525633	1	1	1	1	1	1	0
W525634	1	1	1	1	1	1	0
W525635	1	1	1	1	1	1	0
W525636	1	1	0	1	1	0	0
W525637	1	1	1	1	1	1	0
W525638	1	1	1	1	1	1	0
W525639	1	0	0	1	1	0	0
W525640	1	0	0	1	1	0	0
W525641	1	0	1	1	0	1	0
W525835	1	0	0	1	1	0	0
W525836	1	1	0	1	0	0	0
W525837	1	1	0	1	0	0	0
W525852	0	0	0	0	1	0	0
W525962	1	0	0	1	1	0	0
W525963	1	0	0	1	1	0	0
W526265	1	1	1	1	0	1	0
W526266	1	1	1	1	1	1	0
W526267	1	1	1	1	0	1	0
W526268	1	1	1	1	1	1	0
W526269	1	1	1	1	0	1	0
W526270	1	1	1	1	0	1	0
W526271	0	0	0	0	0	1	0
W526272	1	0	0	1	1	0	0
W526273	1	0	0	1	0	1	0
W526274	1	1	0	1	1	0	0
W526275	1	0	0	1	1	0	0
W526276	1	0	1	1	0	1	0
W526277	1	0	0	1	1	0	0
W526278	1	0	0	1	1	0	0
W526279	0	0	0	0	1	0	0
W526767	0	0	0	0	0	1	0
W527655	0	0	0	0	0	1	0
W527656	1	1	1	0	1	0	0
W528146	0	0	0	0	0	1	0
W528149	0	0	0	0	0	1	0
W528708	0	0	0	0	0	1	0
W528709	0	0	0	0	0	1	0
W528933	1	1	1	1	0	1	0
W528934	1	0	0	1	1	0	0
W528935	1	0	0	1	0	1	0
W528936	1	0	0	1	0	1	0
W528937	1	1	0	1	0	1	0
W528938	1	0	0	1	0	1	0
W528939	0	0	0	0	0	1	0
W528940	1	1	1	1	0	1	0
W528941	1	0	0	1	0	1	0
W528942	1	1	1	1	0	1	0
W528943	1	0	0	1	0	1	0
W528954	1	1	1	1	0	1	0
W528955	1	1	1	1	0	1	0
W528956	1	1	1	1	0	1	0
W528957	1	1	1	1	0	1	0
W528958	1	1	1	1	0	1	0
W528959	1	1	1	1	0	1	0
W528960	1	1	1	1	0	1	0
W528961	1	1	1	1	0	1	0
W528962	1	1	1	1	0	1	0
W528963	0	0	0	0	1	1	0
W528970	1	1	1	1	0	1	0
W529006	0	0	0	0	0	1	0
W529225	1	0	0	1	0	1	0
W529226	1	1	1	1	0	1	0
W529256	1	1	1	1	0	1	0
W529257	1	0	0	1	0	1	0
W529258	1	1	1	1	0	1	0
W529259	1	0	0	1	1	0	0
W529260	1	1	1	1	0	1	0
W529261	1	1	0	1	1	0	0
W529262	1	0	0	1	0	1	0
W529263	1	1	0	1	1	0	0
W529264	1	0	0	1	1	0	0
W529265	1	1	0	1	1	0	0
W529266	1	0	0	1	1	0	0
W529267	0	0	0	0	0	1	0
W529268	0	0	0	0	0	1	0
W529269	1	1	1	1	0	1	0
W529270	1	1	1	1	0	1	0
W529271	1	1	1	1	1	1	0
W529272	1	1	1	1	0	1	0
W529273	1	1	1	1	1	1	0
W529274	1	1	1	1	0	1	0
W529275	1	1	1	1	0	1	0
W529276	1	1	1	1	0	1	0
W529277	1	1	1	1	0	1	0
W529278	1	1	1	1	0	1	0
W529279	1	1	1	1	0	1	0
W529280	1	1	1	1	0	1	0
W529281	1	1	1	1	0	1	0
W529282	1	1	1	1	0	1	0
W529283	1	1	1	1	0	1	0
W529284	1	1	1	1	0	1	0
W529285	1	1	1	1	0	1	0
W529286	1	1	1	1	0	1	0
W529287	1	1	1	1	0	1	0
W529288	1	1	1	1	0	1	0
W529310	1	0	0	1	0	1	0
W529330	1	1	1	1	0	1	0
W529331	1	1	1	1	0	1	0
W529332	1	1	1	1	0	1	0
W529333	1	1	1	1	0	1	0
W529370	1	0	0	1	1	0	0
W529420	1	1	1	1	0	1	0
W529421	1	0	0	1	1	0	0
W529422	1	0	0	1	0	1	0
W529423	1	1	1	1	0	1	0
W529424	1	1	1	1	0	1	0
W529444	1	0	0	1	0	1	0
W529460	1	0	0	1	1	0	0
W529461	1	0	0	1	1	0	0
W529462	1	1	1	1	0	1	0
W529463	1	1	1	1	0	1	0
W529464	1	1	1	1	0	1	0
W529465	1	1	1	1	0	1	0
W529466	1	1	1	1	0	1	0
W529475	1	0	1	1	0	1	0
W529476	1	0	0	1	0	1	0
W529499	1	0	1	1	0	1	0
W529520	1	1	1	1	0	1	0
W529525	1	1	1	1	0	1	0
W529553	1	1	1	1	0	1	0
W529636	1	0	1	1	0	1	0
W529637	1	1	1	1	0	1	0
W529638	1	1	1	1	0	1	0
W529764	1	0	0	1	1	0	0
W529767	1	1	1	1	0	1	0
W529768	1	1	1	1	1	1	0
W529769	1	1	1	1	1	1	0
W529770	1	1	1	1	1	1	0
W529771	1	1	1	1	1	1	0
W529772	1	1	1	1	1	1	0
W529773	1	1	1	1	0	1	0
W529774	1	1	1	1	1	1	0
W529775	1	1	1	1	1	1	0
W529776	1	1	1	1	1	1	0
W529777	1	1	1	1	1	1	0
W529778	1	1	1	1	1	1	0
W529779	1	1	1	1	1	1	0
W529780	1	1	1	1	1	1	0
W529800	1	0	1	1	0	1	0
W529801	1	1	1	1	1	1	0
W529802	1	1	1	1	0	1	0
W529803	1	0	0	1	0	1	0
W529804	1	0	0	1	0	1	0
W529805	1	0	0	1	0	1	0
W529825	1	1	1	1	1	1	0
W529826	1	1	1	1	1	1	0
W529827	1	1	1	1	1	1	0
W529828	1	1	1	1	1	1	0
W529833	1	1	1	1	1	1	0
W529855	1	1	1	1	1	1	0
W529856	1	0	0	1	0	1	0
W529857	1	1	1	1	1	1	0
W529858	1	1	1	1	1	1	0
W529867	0	0	0	0	1	1	0
W530024	1	1	1	1	0	1	0
W530025	1	1	1	1	1	1	0
W530026	1	1	1	1	0	1	0
W530027	1	1	1	1	1	1	0
W530028	1	1	1	1	1	1	0
W530029	1	1	1	1	1	1	0
W530030	1	1	1	1	1	1	0
W530031	1	1	1	1	1	1	0
W530032	1	1	1	1	1	1	0
W530033	1	1	1	1	0	1	0
W530034	1	1	1	1	1	1	0
W530035	1	1	1	1	1	1	0
W530036	1	1	1	1	0	1	0
W530037	1	1	1	1	1	1	0
W530038	1	1	1	1	0	1	0
W530039	1	1	1	1	1	1	0
W530040	1	1	1	1	1	1	0
W530041	1	1	1	1	1	1	0
W530042	1	1	1	1	1	1	0
W530043	1	1	1	1	1	1	0
W530044	1	1	1	1	1	1	0
W530045	1	1	1	1	1	1	0
W530046	1	1	1	1	1	1	0
W530047	1	1	1	1	1	1	0
W530048	1	1	1	1	1	1	0
W530049	1	1	1	1	1	1	0
W530050	1	1	0	1	1	0	0
W530051	1	0	1	1	0	1	0
W530052	1	1	1	1	1	1	0
W530053	1	0	1	1	0	1	0
W530054	1	0	0	1	1	0	0
W530055	1	0	0	1	0	0	0
W530056	0	0	0	0	0	1	0
W530083	1	0	1	1	0	1	0
W530084	1	0	0	1	0	1	0
W530085	1	0	0	1	0	1	0
W530118	1	0	0	1	0	1	0
W530136	1	1	1	1	1	1	0
W530142	1	0	1	1	1	0	0
W530167	1	1	1	1	1	1	0
W530168	1	1	1	1	1	1	0
W530170	1	0	0	1	0	1	0
W530171	1	0	0	1	0	1	0
W530172	1	1	1	1	1	0	0
W530173	1	1	1	1	1	0	0
W530174	1	1	1	1	1	0	0
W530194	1	1	0	1	0	1	0
W530195	1	0	1	1	1	0	0
W530196	1	1	1	1	1	0	0
W530201	1	1	1	1	0	1	0
W530210	1	1	1	1	1	1	0
W530211	1	1	1	1	1	1	0
W530212	1	1	1	1	1	1	0
W530213	1	1	1	1	1	1	0
W530252	1	1	1	1	1	1	0
W530253	1	1	1	1	1	1	0
W530254	1	1	1	1	1	1	0
W530255	1	1	1	1	1	1	0
W530256	1	1	0	1	0	1	0
W530257	1	1	1	1	1	1	0
W530290	0	0	0	0	0	1	0
W530291	1	1	1	1	0	1	0
W530292	0	0	0	0	0	1	0
W530293	1	0	0	1	0	1	0
W530309	1	0	0	1	1	0	0
W530310	1	0	0	1	0	1	0
W530311	1	0	0	1	0	1	0
W530323	0	0	0	0	0	1	0
W530324	0	0	0	0	0	1	0
W530380	0	0	0	0	0	1	0
W530381	1	1	1	1	0	1	0
W530382	1	1	1	1	0	1	0
W530395	1	1	1	1	0	1	0
W530396	1	1	1	1	0	1	0
W530397	1	1	1	1	0	1	0
W530398	1	1	1	1	0	1	0
W530399	1	1	1	1	0	1	0
W530400	1	1	1	1	0	1	0
W530401	1	1	1	1	0	1	0
W530402	1	1	1	1	0	1	0
W530468	0	0	0	0	0	1	0
W530472	1	1	1	1	1	1	0
W530473	1	1	1	1	1	1	0
W530474	1	1	1	1	1	1	0
W530475	1	1	1	1	1	1	0
W530476	1	1	1	1	1	1	0
W530477	1	1	1	1	1	1	0
W530478	1	1	1	1	1	1	0
W530479	1	1	1	1	1	1	0
W530480	1	1	1	1	1	1	0
W530481	1	1	1	1	1	1	0
W530482	1	1	1	1	1	1	0
W530483	1	1	1	1	1	1	0
W530484	1	1	1	1	1	1	0
W530485	1	1	1	1	1	1	0
W530486	1	1	1	1	1	1	0
W530487	1	1	1	1	1	1	0
W530488	1	1	1	1	1	1	0
W530489	1	1	1	1	1	1	0
W530490	1	1	1	1	1	1	0
W530491	1	1	1	1	1	1	0
W530492	1	1	1	1	1	1	0
W530493	1	1	1	1	1	1	0
W530494	1	1	1	1	1	1	0
W530495	1	1	1	1	1	1	0
W530496	1	1	1	1	1	1	0
W530497	1	1	1	1	1	1	0
W530498	1	1	1	1	1	1	0
W530499	1	1	1	1	1	1	0
W530500	1	1	1	1	1	1	0
W530501	1	0	1	1	0	1	0
W530502	1	0	0	1	0	1	0
W530503	1	0	0	1	0	1	0
W530504	1	0	0	1	0	1	0
W530505	1	1	0	1	1	0	0
W530506	1	1	1	1	1	0	0
W530507	1	1	1	1	0	1	0
W530508	1	1	1	1	0	1	0
W530509	1	1	1	1	0	1	0
W530510	1	1	1	1	0	1	0
W530511	1	1	1	1	0	1	0
W530512	1	1	1	1	0	1	0
W530513	0	1	1	1	0	1	0
W530514	1	1	1	1	0	1	0
W530515	1	1	1	1	0	1	0
W530516	1	1	1	1	0	1	0
W530579	1	1	1	1	0	1	0
W530580	1	1	1	1	0	1	0
W530581	1	1	1	1	1	1	0
W530582	1	1	1	1	1	1	0
W530583	1	1	1	1	1	1	0
W530584	1	1	1	1	0	1	0
W530585	1	1	1	1	0	1	0
W530586	1	1	1	1	0	1	0
W530587	1	1	1	1	0	1	0
W530588	1	0	0	1	1	0	0
W530589	1	0	1	1	0	1	0
W530590	1	0	0	1	1	0	0
W530591	1	0	1	1	0	1	0
W530592	1	1	1	1	0	1	0
W530593	1	0	1	1	0	1	0
W530594	1	0	0	1	1	0	0
W530595	1	1	1	1	0	1	0
W530596	1	0	0	1	1	0	0
W530597	1	1	1	1	0	1	0
W530598	1	0	0	1	0	1	0
W530599	1	1	1	1	0	1	0
W530600	1	0	0	1	0	1	0
W530601	1	0	0	1	0	1	0
W530602	1	0	0	1	1	0	0
W530603	0	0	0	0	0	1	0
W530604	1	0	0	1	0	1	0
W530652	0	0	0	0	0	1	0
W530743	0	0	0	0	1	1	0
W530744	0	0	0	0	1	1	0
W530806	0	0	0	0	1	1	0
W530926	1	1	1	1	1	1	0
W530927	1	1	1	1	1	1	0
W530928	1	1	1	1	1	1	0
W530929	1	1	1	1	1	1	0
W530930	1	1	1	1	1	1	0
W531562	1	1	1	1	1	0	0
W531572	1	1	1	1	1	0	0
W531620	0	0	0	0	0	1	0
W531627	0	0	0	0	1	1	0
W531656	0	0	0	0	0	1	0
W531685	0	0	0	0	0	1	0
W531686	0	0	0	0	0	1	0
W531755	1	1	1	1	1	0	0
W531961	1	0	1	1	1	0	0
W531998	0	0	0	0	0	1	0
W532022	0	0	0	0	1	1	0
W532119	0	0	0	0	0	1	0
W532214	0	0	0	0	0	1	0
W532279	0	0	0	0	1	1	0
W532280	0	0	0	0	1	1	0
W532364	1	1	1	1	1	0	0
W532365	0	0	0	0	1	1	0
W532392	0	0	0	0	1	1	0
W532393	0	0	0	0	1	1	0
W532394	0	0	0	0	1	1	0
W532395	0	0	0	0	1	1	0
W532396	0	0	0	0	1	1	0
W532397	0	0	0	0	1	1	0
W532398	0	0	0	0	1	1	0
W532399	0	0	0	0	1	1	0
W532400	0	0	0	0	1	1	0
W532401	0	0	0	0	1	1	0
W532402	0	0	0	0	1	1	0
W532403	0	0	0	0	1	1	0
W532404	0	0	0	0	1	1	0
W532405	0	0	0	0	1	1	0
W532406	0	0	0	0	1	1	0
W532407	0	0	0	0	1	1	0
W532416	0	0	0	0	1	1	0
W532417	0	0	0	0	1	1	0
W532441	0	0	0	0	1	1	0
W532442	0	0	0	0	1	1	0
W532443	0	0	0	0	1	1	0
W532444	0	0	0	0	1	1	0
W532445	0	0	0	0	1	1	0
W532446	0	0	0	0	1	1	0
W532447	0	0	0	0	1	1	0
W532448	0	0	0	0	1	1	0
W532449	0	0	0	0	1	1	0
W532509	1	1	1	1	1	0	0
W532636	0	0	0	0	1	1	0
W532637	1	1	1	1	1	0	0
