Genome	AggR	Eae	EspK	EspN	EspV	Stx1	Stx2	SubA
107165	0	1	1	1	1	0	0	0
111046-001	0	1	1	1	1	0	1	0
57282	0	1	1	1	0	1	0	0
EP21-3018	0	1	1	1	0	1	1	0
EP21-3018-M00994	0	1	1	1	0	1	1	0
EP21-5149	0	1	0	1	1	1	0	0
EP21-5149-M00994	0	1	0	1	1	1	0	0
EP21-6898	0	1	1	1	1	1	1	0
EP21-6898-M00994	0	1	1	1	1	1	1	0
IEH-NGS-ECO-00478	0	1	1	1	1	0	1	0
IEH-NGS-ECO-00480	0	1	1	1	1	1	1	0
IEH-NGS-ECO-00481	0	1	1	1	1	1	1	0
IEH-NGS-ECO-00484	0	0	0	0	0	0	1	0
IEH-NGS-ECO-00485	0	0	0	0	0	0	1	0
IEH-NGS-ECO-00486	0	0	0	0	0	0	1	0
IEH-NGS-ECO-00487	0	0	0	0	0	0	1	0
IEH-NGS-ECO-00488	0	0	0	0	0	0	1	0
IEH-NGS-ECO-00489	0	0	0	0	0	0	1	0
IEH-NGS-ECO-00490	0	0	0	0	0	0	1	0
IEH-NGS-ECO-00491	0	0	0	0	0	0	1	0
IEH-NGS-ECO-00492	0	0	0	0	0	0	1	0
IEH-NGS-ECO-00493	0	0	0	0	0	0	1	0
IEH-NGS-ECO-00494	0	0	0	0	0	0	1	0
IEH-NGS-ECO-00495	0	0	0	0	0	0	1	0
IEH-NGS-ECO-00496	0	0	0	0	0	0	1	0
IEH-NGS-ECO-00497	0	0	0	0	0	0	1	0
IEH-NGS-ECO-00498	0	0	0	0	0	0	1	0
W501193	0	1	1	1	1	0	1	0
W505670	0	1	1	1	1	1	1	0
W506368	0	0	0	0	0	0	0	0
W507939	0	1	1	1	1	0	1	0
W507941	0	1	0	1	1	1	0	0
W507942	0	0	0	0	0	1	1	0
W507946	0	1	1	1	1	1	0	0
W507950	0	1	0	0	0	0	0	0
W507951	0	1	0	1	1	1	0	0
W507953	0	1	1	1	1	1	1	0
W507954	0	1	1	1	1	1	1	0
W507962	0	1	0	1	1	0	1	0
W507963	0	1	1	1	1	0	1	0
W507967	0	1	0	0	0	0	0	0
W507968	0	0	0	0	0	0	1	0
W507969	0	1	1	1	1	1	0	0
W507971	0	1	1	1	1	1	1	0
W507972	0	1	1	1	1	0	1	0
W507973	0	1	1	1	1	1	1	0
W507975	0	1	0	1	1	1	0	0
W507976	0	1	1	0	0	0	1	0
W507977	0	1	1	0	0	0	1	0
W508153	0	1	1	1	1	1	1	0
W508154	0	1	1	1	1	0	1	0
W508164	0	1	0	0	0	0	0	0
W508165	0	1	1	1	1	0	1	0
W508167	0	1	1	1	1	0	1	0
W508168	0	1	0	1	0	0	0	0
W508268	0	1	1	1	1	1	0	0
W508269	0	0	0	0	0	1	1	0
W508630	0	1	1	1	1	0	1	0
W508631	0	1	1	1	1	0	1	0
W508632	0	1	1	1	1	1	1	0
W508633	0	1	1	1	1	0	1	0
W508634	0	1	1	1	1	1	1	0
W508635	0	0	0	0	0	0	1	0
W508636	0	1	1	1	1	0	1	0
W508637	0	1	1	1	1	1	1	0
W508692	0	1	1	1	1	1	1	0
W508877	0	0	0	0	0	0	1	0
W510147	0	0	0	0	1	0	0	0
W510148	0	0	0	0	0	0	0	0
W510155	0	1	1	1	1	0	1	0
W510167	0	0	0	0	0	1	1	0
W510443	0	0	0	0	0	0	0	0
W510444	0	0	0	0	0	0	0	0
W510463	0	1	1	1	1	1	0	0
W510473	0	0	0	0	0	1	1	0
W510492	0	0	0	0	0	1	1	0
W510514	0	1	0	0	0	0	0	0
W510515	0	1	0	0	0	0	0	0
W510529	0	0	0	0	0	0	1	1
W510536	0	0	0	0	0	0	0	0
W510708	0	0	0	0	0	0	1	0
W510899	0	1	1	1	1	0	1	0
W510900	0	1	1	1	1	1	1	0
W510902	0	1	1	1	1	1	1	0
W510903	0	1	1	1	1	0	1	0
W510904	0	1	0	1	1	0	0	0
W510905	0	1	0	1	1	1	0	0
W510906	0	1	1	1	1	1	1	0
W510909	0	1	1	1	1	1	1	0
W510911	0	1	0	1	1	0	0	0
W510914	0	1	0	1	1	1	0	0
W510941	0	1	1	1	1	0	1	0
W510942	0	1	1	1	1	0	1	0
W510943	0	1	1	1	1	0	1	0
W510944	0	1	1	1	1	0	1	0
W510945	0	1	1	1	1	0	1	0
W510946	0	1	1	1	1	0	1	0
W510947	0	1	1	1	1	1	1	0
W510948	0	1	1	1	1	1	1	0
W510949	0	1	1	1	1	1	1	0
W510950	0	1	1	1	1	1	1	0
W510951	0	1	1	1	1	1	1	0
W510952	0	1	0	1	1	1	0	0
W510953	0	1	0	1	1	1	0	0
W510954	0	1	0	1	1	1	0	0
W510955	0	1	0	1	1	1	0	0
W510962	0	1	1	1	1	0	1	0
W511005	0	1	0	1	0	1	0	0
W511096	0	1	1	1	1	1	1	0
W511098	0	1	1	1	1	1	0	0
W511210	0	1	1	1	1	1	1	0
W511211	0	1	1	1	1	1	1	0
W511259	0	1	1	1	1	1	1	0
W511260	0	1	1	1	1	1	1	0
W511261	0	1	1	1	1	1	1	0
W511333	0	1	1	1	1	1	1	0
W511437	0	1	1	1	1	0	1	0
W511476	0	1	1	1	1	0	1	0
W511594	0	0	0	0	0	1	1	0
W511595	0	0	0	0	0	1	1	0
W511656	0	1	1	1	1	1	1	0
W511657	0	1	1	1	1	1	1	0
W511658	0	1	1	1	1	0	1	0
W511746	0	1	0	0	1	0	0	0
W511747	0	1	0	0	1	0	0	0
W511748	0	0	0	0	0	0	1	0
W511749	0	1	1	1	1	1	0	0
W511778	0	1	1	1	1	0	1	0
W511779	0	1	1	1	1	0	1	0
W511780	0	1	1	1	1	0	1	0
W511781	0	1	0	1	1	1	0	0
W511782	0	1	1	1	1	1	1	0
W511796	0	0	0	0	0	0	1	0
W511813	0	1	1	1	1	0	1	0
W511814	0	1	0	0	1	0	1	0
W511900	0	1	1	1	1	1	0	0
W511914	0	1	0	0	0	0	0	0
W511917	0	1	1	0	1	1	0	0
W511919	0	1	1	1	1	1	1	0
W512018	0	0	0	0	0	0	1	0
W512119	0	1	0	0	1	0	0	0
W512120	0	1	1	1	1	1	1	0
W512121	0	1	1	1	1	1	1	0
W512122	0	1	1	1	1	1	1	0
W512123	0	1	1	1	0	1	0	0
W512124	0	1	1	1	1	0	0	0
W512125	0	1	0	1	1	1	0	0
W512127	0	1	1	1	1	1	1	0
W512146	0	1	0	0	1	0	0	0
W512148	0	0	0	0	0	0	1	0
W512149	0	1	1	1	1	1	1	0
W512150	0	1	1	1	1	0	1	0
W512321	0	1	1	1	1	0	1	0
W512322	0	1	1	1	1	1	1	0
W512323	0	1	1	1	1	0	1	0
W512324	0	1	1	1	1	1	1	0
W512326	0	1	1	1	1	1	1	0
W512425	0	0	0	0	0	0	0	0
W512466	0	0	0	0	0	0	0	0
W512549	0	1	1	1	1	1	1	0
W512577	0	0	0	0	0	0	0	0
W512578	0	0	0	0	0	0	0	0
W512599	0	1	1	1	1	0	1	0
W512654	0	1	1	1	1	0	1	0
W512656	0	1	0	1	1	1	0	0
W512657	0	1	0	1	1	1	0	0
W512658	0	1	1	1	1	0	1	0
W512659	0	1	1	0	0	0	0	0
W512673	0	1	0	0	0	0	0	0
W512675	0	0	0	0	0	0	1	0
W512678	0	1	0	0	1	1	0	0
W512679	0	1	0	0	1	1	0	0
W512680	0	1	0	0	1	1	0	0
W512681	0	1	0	0	1	1	0	0
W512698	0	1	1	1	1	1	1	0
W512699	0	1	1	1	1	1	1	0
W512700	0	1	1	1	1	1	1	0
W512701	0	1	1	1	1	0	0	0
W512702	0	1	1	1	1	0	1	0
W512703	0	1	1	1	1	0	1	0
W512704	0	1	1	1	1	0	1	0
W512705	0	1	1	1	1	0	1	0
W512706	0	1	0	1	1	1	0	0
W512707	0	1	1	1	1	1	1	0
W512708	0	1	1	0	0	1	0	0
W512789	0	1	1	1	1	0	0	0
W512790	0	1	1	1	1	0	1	0
W512791	0	1	1	1	1	1	0	0
W512792	0	1	1	1	1	1	1	0
W512793	0	1	1	1	1	0	1	0
W513928	0	1	1	1	1	1	1	0
W513959	0	1	0	1	1	1	0	0
W513960	0	1	1	1	1	1	1	0
W513984	0	1	1	1	1	1	1	0
W513985	0	1	1	1	1	1	1	0
W513986	0	1	1	1	1	0	1	0
W513987	0	1	1	1	1	1	1	0
W513988	0	1	1	1	1	1	1	0
W513989	0	1	1	1	1	0	1	0
W513990	0	1	1	1	1	0	1	0
W514042	0	1	0	0	0	0	0	0
W514084	0	0	0	0	0	1	1	0
W514085	0	0	0	0	0	1	1	0
W514099	0	1	1	1	1	1	1	0
W514100	0	1	1	1	1	1	1	0
W514101	0	1	1	1	1	1	1	0
W514109	0	0	0	0	0	0	1	0
W514135	0	0	0	0	0	0	1	0
W514136	0	0	0	0	0	1	1	0
W514332	0	0	0	0	0	0	1	0
W514333	0	0	0	0	0	1	1	0
W514334	0	0	0	0	0	0	1	0
W514335	0	0	0	0	0	0	1	0
W514358	0	0	0	0	0	0	0	0
W514372	0	1	1	1	1	0	1	0
W514373	0	1	1	1	1	0	0	0
W514383	0	1	0	0	1	0	0	0
W514384	0	1	0	1	1	0	0	0
W514436	0	0	0	0	0	0	1	0
W514485	0	1	1	1	1	1	1	0
W514486	0	1	1	1	1	1	1	0
W514562	0	1	1	1	1	1	0	0
W514563	0	1	1	1	1	1	1	0
W514564	0	1	1	1	1	1	0	0
W514565	0	1	1	1	1	1	1	0
W514566	0	1	1	1	1	0	0	0
W514567	0	1	1	1	1	0	0	0
W514568	0	1	1	1	1	0	0	0
W514569	0	1	1	1	1	0	0	0
W514570	0	1	1	1	0	1	0	0
W514571	0	1	0	1	1	1	0	0
W514572	0	1	1	1	1	1	1	0
W514573	0	1	1	1	1	1	1	0
W514574	0	1	1	1	1	1	1	0
W514575	0	1	1	1	1	0	1	0
W514576	0	1	1	1	1	1	0	0
W514577	0	1	1	1	1	1	1	0
W514598	0	1	1	1	1	0	0	0
W514599	0	1	1	1	1	0	0	0
W514600	0	1	1	1	1	1	1	0
W514601	0	1	1	1	1	0	0	0
W514652	0	0	0	0	0	0	0	0
W514653	0	1	1	1	1	0	0	0
W514689	0	1	1	1	1	1	1	0
W514690	0	1	1	1	1	0	1	0
W514691	0	1	1	1	1	1	1	0
W514692	0	1	1	1	1	1	1	0
W514693	0	1	1	1	1	0	1	0
W514694	0	1	1	1	1	0	1	0
W514708	0	0	0	0	0	0	0	0
W514709	0	0	0	0	0	0	0	0
W514710	0	1	1	1	1	0	1	0
W514727	0	1	1	1	1	1	0	0
W514780	0	1	1	0	0	0	0	0
W514854	0	1	0	0	1	1	0	0
W514855	0	1	0	0	1	1	0	0
W514856	0	1	0	0	1	1	0	0
W514857	0	1	0	0	1	1	0	0
W514858	0	1	0	0	1	1	0	0
W514859	0	1	0	0	1	1	0	0
W514860	0	1	0	0	1	1	0	0
W514861	0	1	0	0	1	1	0	0
W514862	0	1	0	0	1	1	0	0
W514863	0	1	1	1	1	1	1	0
W514864	0	1	1	1	1	1	1	0
W514865	0	1	1	1	1	1	1	0
W514866	0	1	1	1	1	1	1	0
W514867	0	1	1	1	1	1	1	0
W514868	0	1	1	1	1	1	1	0
W514869	0	1	1	1	1	1	1	0
W514870	0	1	1	1	1	1	1	0
W514890	0	1	1	1	1	1	1	0
W514891	0	1	1	1	1	1	1	0
W514892	0	1	1	1	1	1	1	0
W514893	0	1	1	1	1	0	1	0
W514894	0	1	1	1	0	1	0	0
W514928	0	1	1	1	1	0	0	0
W514929	0	0	0	0	0	0	0	0
W514952	0	1	0	0	1	1	0	0
W514953	0	1	0	0	1	1	0	0
W514954	0	1	0	0	1	1	0	0
W514955	0	1	0	0	1	1	0	0
W514956	0	1	0	0	1	1	0	0
W514957	0	1	0	0	1	1	0	0
W514958	0	1	0	0	1	1	0	0
W514959	0	1	0	0	1	1	0	0
W514960	0	1	0	0	1	1	0	0
W514972	0	1	1	1	1	0	0	0
W514973	0	1	1	1	1	1	1	0
W514974	0	1	1	1	1	1	1	0
W514975	0	1	1	1	1	1	1	0
W514976	0	1	1	1	1	1	1	0
W514977	0	1	1	1	1	1	1	0
W514978	0	1	1	1	1	1	1	0
W514979	0	1	1	1	1	1	1	0
W514980	0	1	1	1	1	0	0	0
W514981	0	1	0	0	1	1	0	0
W514982	0	1	0	0	1	1	0	0
W514983	0	1	0	0	1	1	0	0
W515046	0	0	0	0	0	0	1	0
W515053	0	1	0	0	1	1	0	0
W515054	0	1	0	0	1	1	0	0
W515055	0	1	0	0	1	1	0	0
W515056	0	1	0	0	1	1	0	0
W515057	0	1	0	0	1	1	0	0
W515061	0	1	1	1	0	1	0	0
W515133	0	0	0	0	0	0	1	0
W515134	0	0	0	0	0	0	1	0
W515135	0	0	0	0	0	0	1	0
W515136	0	0	0	0	0	0	1	0
W515137	0	0	0	0	0	0	1	0
W515138	0	0	0	0	0	0	1	0
W515139	0	0	0	0	0	0	1	0
W515140	0	0	0	0	0	0	1	0
W515141	0	0	0	0	0	0	1	0
W515142	0	0	0	0	0	0	1	0
W515220	0	0	0	0	0	0	1	0
W515221	0	1	1	1	1	0	1	0
W515222	0	1	1	1	1	0	1	0
W515223	0	1	1	1	1	0	1	0
W515224	0	1	1	0	0	0	0	0
W515225	0	0	0	0	0	0	0	0
W515226	0	1	1	0	0	0	0	0
W515227	0	1	0	1	1	1	0	0
W515607	0	1	1	1	0	1	0	0
W515674	0	1	1	1	1	1	1	0
W515675	0	1	1	1	1	0	0	0
W515676	0	1	1	1	1	0	1	0
W515791	0	0	0	0	0	0	0	0
W515793	0	1	1	0	0	0	0	0
W515847	0	1	1	1	1	0	1	0
W515848	0	1	1	1	1	0	1	0
W515849	0	1	1	1	1	0	1	0
W515850	0	1	1	1	1	1	1	0
W515851	0	1	1	1	1	0	1	0
W515852	0	1	1	1	1	0	1	0
W515853	0	1	1	1	1	0	1	0
W515854	0	1	1	1	1	1	1	0
W515855	0	1	1	1	1	1	1	0
W515879	0	1	0	0	0	0	0	0
W515880	0	1	1	1	1	0	1	0
W515881	0	1	1	1	1	0	1	0
W515882	0	0	0	0	0	1	0	0
W515944	0	0	0	0	0	0	1	0
W515945	0	1	1	1	1	1	1	0
W515946	0	1	1	1	1	1	1	0
W515957	0	1	1	1	1	1	1	0
W515958	0	1	1	1	1	1	1	0
W515972	0	1	1	1	1	1	1	0
W516028	0	1	1	1	1	1	0	0
W516029	0	1	1	1	1	0	1	0
W516031	0	1	1	1	1	1	1	0
W516032	0	1	1	0	0	0	1	0
W516352	0	1	1	0	0	1	0	0
W516365	0	1	1	1	1	0	1	0
W516475	0	1	1	1	0	1	0	0
W516516	0	1	1	1	0	1	0	0
W516733	0	0	0	0	0	0	0	0
W516742	0	1	0	0	0	0	0	0
W516777	0	1	0	1	1	1	0	0
W516992	0	0	0	0	0	0	1	0
W516993	0	1	0	1	1	1	0	0
W517003	0	1	1	1	1	0	0	0
W517121	0	0	0	0	0	0	0	0
W517122	0	0	0	0	0	0	0	0
W517158	0	0	0	0	0	0	1	0
W517159	0	0	0	0	0	0	1	0
W517161	0	1	0	0	1	1	0	0
W517162	0	0	0	0	0	0	0	0
W517163	0	0	0	0	0	0	1	0
W517166	0	0	0	0	0	0	1	0
W517167	0	1	0	0	0	0	0	0
W517168	0	0	0	0	0	0	1	0
W517169	0	0	0	0	0	1	1	0
W517183	0	1	0	0	0	0	0	0
W517185	0	0	0	0	0	0	1	0
W517186	0	0	0	0	0	0	1	0
W517187	0	0	0	0	0	0	1	0
W517188	0	0	0	0	0	0	1	0
W517189	0	0	0	0	0	0	0	0
W517190	0	0	0	0	0	0	1	0
W517191	0	0	0	0	0	0	0	0
W517192	0	0	0	0	0	0	1	0
W517209	0	0	0	0	0	0	1	0
W517210	0	0	0	0	0	0	1	0
W517211	0	0	0	0	0	0	0	0
W517284	0	1	0	1	1	1	0	0
W517351	0	0	0	0	0	1	1	0
W517352	0	0	0	0	0	0	0	0
W517353	0	1	0	0	0	0	0	0
W517354	0	0	0	0	0	0	1	0
W517355	0	0	0	0	0	0	1	0
W517356	0	0	0	0	0	0	1	0
W517357	0	0	0	0	0	0	1	0
W517358	0	0	0	0	0	0	1	0
W517359	0	0	0	0	0	0	1	0
W517360	0	0	0	0	0	0	0	1
W517361	0	0	0	0	0	0	1	0
W517362	0	0	0	0	0	0	1	0
W517380	0	0	0	0	0	0	1	0
W517381	0	0	0	0	0	0	1	0
W517382	0	0	0	0	0	0	1	0
W517387	0	0	0	0	0	0	1	0
W517394	0	1	1	1	1	1	1	0
W517399	0	1	0	0	0	0	0	0
W517401	0	0	0	0	0	1	1	0
W517402	0	0	0	0	0	0	1	0
W517403	0	0	0	0	0	0	1	0
W517433	0	1	0	0	0	0	0	0
W517498	0	0	0	0	0	0	0	0
W517515	0	1	1	1	1	1	1	0
W517517	0	1	1	1	1	1	1	0
W517526	0	1	1	1	1	0	1	0
W517562	0	0	0	0	0	0	1	0
W517563	0	0	0	0	0	0	1	0
W517564	0	0	0	0	0	0	1	0
W517583	0	0	0	0	0	0	1	0
W517625	0	1	1	1	1	0	1	0
W517629	0	0	0	0	0	0	0	0
W517632	0	0	0	0	0	0	1	0
W517645	0	0	0	0	0	0	0	0
W517646	0	0	0	0	0	1	1	0
W517647	0	0	0	0	0	0	1	0
W517664	0	0	0	0	0	0	1	0
W517665	0	1	0	0	0	0	0	0
W517666	0	1	0	0	0	0	0	0
W517671	0	0	0	0	0	0	1	0
W517672	0	0	0	0	0	0	0	0
W517673	0	1	0	0	0	0	0	0
W517674	0	1	0	0	0	0	0	0
W517675	0	0	0	0	0	0	1	0
W517685	0	1	0	0	0	0	0	0
W517686	0	0	0	0	0	1	0	0
W517689	0	0	0	0	0	0	1	0
W517699	0	0	0	0	0	0	0	0
W517845	0	0	0	0	0	0	1	0
W517846	0	0	0	0	0	0	1	0
W517847	0	0	0	0	0	0	1	0
W517848	0	0	0	0	0	0	1	0
W517849	0	0	0	0	0	0	0	0
W517850	0	0	0	0	0	0	0	0
W517851	0	0	0	0	0	0	1	0
W517852	0	1	0	0	0	0	0	0
W517853	0	1	0	0	0	0	0	0
W517854	0	0	0	0	0	0	1	0
W517861	0	0	0	0	0	0	1	0
W517862	0	0	0	0	0	0	1	0
W517863	0	0	0	0	0	0	1	0
W517864	0	0	0	0	0	0	1	0
W517866	0	0	0	0	0	0	1	0
W517867	0	0	0	0	0	0	1	0
W517868	0	0	0	0	0	0	1	0
W517869	0	0	0	0	0	0	1	0
W517870	0	0	0	0	0	0	1	0
W517871	0	0	0	0	0	0	1	0
W517872	0	0	0	0	0	0	1	0
W517873	0	0	0	0	0	0	1	0
W517874	0	0	0	0	0	0	1	0
W517875	0	0	0	0	0	0	1	0
W517913	0	0	0	0	0	0	0	0
W517914	0	0	0	0	0	0	0	0
W517915	0	0	0	0	0	0	0	0
W517960	0	1	1	1	1	1	1	0
W517961	0	1	1	1	1	1	1	0
W517962	0	1	1	1	1	1	1	0
W517963	0	1	1	1	1	1	1	0
W517964	0	1	1	1	1	1	1	0
W517965	0	1	1	1	1	1	1	0
W517966	0	1	1	1	1	1	0	0
W517969	0	1	0	0	1	1	0	0
W517970	0	1	0	0	1	1	0	0
W517971	0	1	0	0	1	1	0	0
W517972	0	1	0	0	1	1	0	0
W517973	0	1	1	1	1	0	1	0
W518046	0	1	1	1	1	0	1	0
W518114	0	0	0	0	0	0	0	0
W518115	0	0	0	0	0	0	0	0
W518187	0	0	0	0	0	1	1	0
W518195	0	1	1	1	1	0	1	0
W518196	0	1	1	1	1	0	1	0
W518203	0	0	0	0	0	1	1	0
W518204	0	0	0	0	0	0	1	0
W518205	0	1	1	1	0	1	0	0
W518206	0	0	0	0	0	1	1	0
W518207	0	0	0	0	0	1	1	0
W518208	0	0	0	0	0	1	1	0
W518209	0	0	0	0	0	1	1	0
W518210	0	0	0	0	0	1	1	0
W518211	0	0	0	0	0	1	1	0
W518212	0	0	0	0	0	1	1	0
W518239	0	0	0	0	0	0	1	0
W518240	0	0	0	0	0	0	1	0
W518241	0	0	0	0	0	0	1	0
W518242	0	0	0	0	0	0	1	0
W518243	0	0	0	0	0	0	1	0
W518362	0	0	0	0	0	1	1	0
W518402	0	0	0	0	0	1	1	0
W518403	0	0	0	0	0	1	1	0
W518404	0	0	0	0	0	1	1	0
W518412	0	1	1	1	1	1	1	0
W518413	0	1	1	1	1	1	1	0
W518414	0	1	1	1	1	1	1	0
W518473	0	0	0	0	0	0	1	0
W518478	0	1	1	1	1	0	0	0
W518479	0	1	1	1	1	0	0	0
W518480	0	1	1	1	1	0	0	0
W518484	0	1	1	1	1	1	1	0
W518485	0	1	1	1	1	1	1	0
W518486	0	1	1	1	1	1	1	0
W518487	0	1	1	1	1	1	1	0
W518560	0	0	0	0	0	0	0	0
W518823	0	0	0	0	0	1	1	0
W518824	0	0	0	0	0	1	1	0
W518825	0	0	0	0	0	1	1	0
W518827	0	0	0	0	0	0	1	0
W518831	0	1	1	1	1	0	1	0
W518832	0	1	1	1	1	0	1	0
W518833	0	1	1	1	1	0	1	0
W518837	0	1	0	0	1	0	0	0
W519029	0	1	1	1	1	0	1	0
W519030	0	1	1	1	1	0	1	0
W519031	0	1	1	1	1	0	1	0
W519034	0	1	1	1	1	1	0	0
W519035	0	1	1	1	0	1	0	0
W519060	0	1	0	1	1	1	0	0
W519132	0	1	0	0	0	0	0	0
W519133	0	1	0	0	0	0	0	0
W519164	0	0	0	0	0	1	1	0
W519165	0	0	0	0	0	1	1	0
W519166	0	0	0	0	0	1	1	0
W519167	0	0	0	0	0	1	1	0
W519168	0	0	0	0	0	1	1	0
W519169	0	0	0	0	0	1	1	0
W519170	0	0	0	0	0	1	1	0
W519241	0	0	0	0	0	1	1	0
W519242	0	0	0	0	0	1	1	0
W519243	0	0	0	0	0	1	1	0
W519244	0	0	0	0	0	1	1	0
W519245	0	0	0	0	0	1	1	0
W519246	0	0	0	0	0	1	1	0
W519247	0	0	0	0	0	1	1	0
W519248	0	0	0	0	0	1	1	0
W519249	0	0	0	0	0	0	1	0
W519264	0	0	0	0	0	0	1	0
W519408	0	0	0	0	0	0	0	0
W519417	0	0	0	0	0	0	0	0
W519428	0	1	1	1	1	1	1	0
W519543	0	1	1	1	1	1	1	0
W519544	0	1	1	1	0	1	0	0
W519565	0	1	1	1	1	1	1	0
W519837	0	0	0	0	0	0	0	0
W519838	0	0	0	0	0	0	0	0
W519839	0	0	0	0	0	0	0	0
W519858	0	0	0	0	0	0	0	0
W519859	0	0	0	0	0	0	0	0
W519860	0	0	0	0	0	0	0	0
W519861	0	0	0	0	0	0	0	0
W519863	0	0	0	0	0	0	0	0
W519928	0	1	0	0	1	1	0	0
W519946	0	0	0	0	0	0	0	0
W519947	0	0	0	0	0	0	0	0
W519948	0	0	0	0	0	0	0	0
W519949	0	0	0	0	0	0	0	0
W520015	0	1	1	1	1	1	1	0
W520094	0	1	1	1	1	0	1	0
W520168	0	0	0	0	0	0	1	0
W520176	0	0	0	0	0	1	1	0
W520177	0	0	0	0	0	1	1	0
W520178	0	0	0	0	0	1	1	0
W520179	0	0	0	0	0	1	1	0
W520180	0	0	0	0	0	1	1	0
W520181	0	0	0	0	0	1	1	0
W520231	0	0	0	0	0	0	1	0
W520244	0	0	0	0	0	0	0	0
W520291	0	0	0	0	0	0	0	0
W520292	0	0	0	0	0	0	0	0
W520293	0	0	0	0	0	0	0	0
W520294	0	0	0	0	0	0	0	0
W520295	0	0	0	0	0	0	0	0
W520296	0	0	0	0	0	0	0	0
W520297	0	0	0	0	0	0	0	0
W520298	0	0	0	0	0	0	0	0
W520299	0	0	0	0	0	0	0	0
W520300	0	0	0	0	0	0	0	0
W520302	0	0	0	0	0	0	0	0
W520305	0	0	0	0	0	0	0	0
W520306	0	0	0	0	0	0	0	0
W520309	0	0	0	0	0	0	0	0
W520313	0	0	0	0	0	0	0	0
W520314	0	0	0	0	0	0	0	0
W520316	0	0	0	0	0	0	0	0
W520317	0	0	0	0	0	0	0	0
W520318	0	0	0	0	0	0	0	0
W520321	0	0	0	0	0	0	0	0
W520353	0	1	1	1	1	1	1	0
W520366	0	1	0	0	0	0	0	0
W520381	0	0	0	0	0	0	0	0
W520382	0	0	0	0	0	0	0	0
W520383	0	0	0	0	0	0	0	0
W520386	0	0	0	0	0	0	0	0
W520387	0	0	0	0	0	0	0	0
W520388	0	0	0	0	0	0	0	0
W520389	0	0	0	0	0	0	0	0
W520390	0	0	0	0	0	0	0	0
W520439	0	0	0	0	0	1	1	0
W520440	0	1	1	1	1	0	1	0
W520441	0	1	1	1	1	0	1	0
W520442	0	1	1	1	1	0	1	0
W520443	0	1	1	1	1	0	1	0
W520444	0	1	1	1	1	0	1	0
W520445	0	1	1	1	1	0	0	0
W520689	0	1	1	1	1	0	1	0
W520814	0	1	1	1	1	0	1	0
W520815	0	1	1	1	1	0	1	0
W520816	0	1	1	1	1	0	1	0
W520817	0	1	0	1	1	1	0	0
W520818	0	1	1	1	1	1	0	0
W520819	0	1	1	1	0	1	0	0
W520820	0	1	1	1	0	1	0	0
W520821	0	1	1	1	1	1	0	0
W520822	0	1	1	1	0	1	0	0
W520823	0	1	1	0	1	1	1	0
W520824	0	1	1	0	1	1	0	0
W521002	0	0	0	0	0	0	0	0
W521004	0	0	0	0	0	0	0	0
W521005	0	0	0	0	0	0	0	0
W521006	0	0	0	0	0	0	0	0
W521007	0	0	0	0	0	0	0	0
W521008	0	0	0	0	0	0	0	0
W521303	0	1	1	1	1	1	1	0
W521312	0	1	0	0	1	1	0	0
W521379	0	0	0	0	0	0	0	0
W521380	0	0	0	0	0	0	0	0
W521383	0	0	0	0	0	0	0	0
W521384	0	0	0	0	0	0	0	0
W521385	0	0	0	0	0	0	0	0
W521386	0	0	0	0	0	0	0	0
W521387	0	0	0	0	0	0	0	0
W521388	0	0	0	0	0	0	0	0
W523315	0	0	0	0	0	0	0	0
W523475	0	0	0	0	0	1	1	0
W523476	0	1	0	0	1	0	1	0
W523477	0	1	0	0	1	0	1	0
W523478	0	1	0	0	1	0	1	0
W523479	0	1	0	0	1	1	0	0
W523507	0	1	0	0	1	1	0	0
W523508	0	1	0	0	1	1	0	0
W523509	0	1	0	0	1	0	1	0
W523624	0	1	0	0	1	1	0	0
W523650	0	0	0	0	0	0	0	0
W523651	0	0	0	0	0	0	0	0
W523652	0	0	0	0	0	0	0	0
W523654	0	0	0	0	0	0	0	0
W523716	0	1	0	1	1	0	1	0
W523717	0	1	0	1	1	0	1	0
W523718	0	1	0	0	1	1	0	0
W523719	0	0	0	0	0	1	1	0
W523720	0	0	0	0	0	0	1	0
W523721	0	1	1	1	1	1	1	0
W523722	0	1	1	1	1	1	1	0
W523723	0	1	1	1	1	1	1	0
W523724	0	1	1	1	1	1	1	0
W523725	0	1	1	1	1	1	1	0
W523726	0	1	1	1	1	1	1	0
W523727	0	1	1	1	1	1	1	0
W523728	0	1	1	1	1	1	1	0
W523729	0	1	0	0	1	1	0	0
W5237291T	0	1	0	0	1	1	0	0
W5237292T	0	1	0	0	1	1	0	0
W523731	0	0	0	0	0	1	1	0
W523732	0	1	0	0	1	1	0	0
W5237321T	0	1	0	0	1	1	0	0
W5237322T	0	1	0	0	1	1	0	0
W523733	0	1	0	0	1	0	1	0
W523734	0	1	0	0	1	1	0	0
W523735	0	1	0	0	1	1	0	0
W523736	0	1	0	0	1	0	1	0
W523737	0	1	0	0	1	1	0	0
W523738	0	1	0	0	1	1	0	0
W523739	0	1	1	1	1	1	1	0
W523774	0	1	0	1	1	0	1	0
W523775	0	1	0	0	1	1	0	0
W523776	0	1	0	0	1	1	0	0
W523777	0	0	0	0	0	0	1	0
W523778	0	1	1	0	1	1	0	0
W523779	0	1	1	1	1	1	1	0
W523780	0	1	1	1	1	1	1	0
W523781	0	1	1	1	1	1	1	0
W523782	0	1	1	1	1	1	1	0
W523783	0	1	1	1	1	1	1	0
W523784	0	1	1	1	1	1	1	0
W523812	0	1	0	0	1	0	0	0
W523813	0	1	0	0	1	0	0	0
W523858	0	1	0	1	1	0	1	0
W523859	0	1	0	1	1	0	1	0
W523860	0	1	0	0	1	1	0	0
W523861	0	0	0	0	0	1	1	0
W523862	0	0	0	0	0	0	1	0
W523863	0	1	1	1	1	1	1	0
W523864	0	1	1	1	1	1	1	0
W523868	0	1	0	0	1	1	0	0
W523892	0	1	0	0	1	1	0	0
W523893	0	1	0	0	1	1	0	0
W523894	0	1	0	0	1	1	0	0
W523895	0	1	0	0	1	1	0	0
W523896	0	0	0	0	0	0	1	0
W523897	0	0	0	0	0	0	1	0
W523898	0	1	1	1	1	1	1	0
W523901	0	1	1	1	1	1	1	0
W523902	0	1	1	1	1	1	1	0
W523903	0	1	1	1	1	1	1	0
W523904	0	1	1	1	1	1	1	0
W523905	0	1	1	1	1	1	1	0
W523906	0	1	1	1	1	1	1	0
W523907	0	1	1	1	1	1	1	0
W523908	0	1	1	1	1	1	1	0
W523909	0	1	1	1	1	1	1	0
W523910	0	1	1	1	1	1	1	0
W523911	0	1	1	1	1	1	1	0
W523912	0	1	1	1	1	1	1	0
W523913	0	1	1	1	1	1	1	0
W523914	0	1	1	1	1	1	1	0
W523915	0	1	1	1	1	1	1	0
W523916	0	1	1	1	1	1	1	0
W523917	0	1	1	1	1	1	1	0
W523921	0	1	1	1	1	1	1	0
W523922	0	1	0	0	1	1	0	0
W523923	0	1	0	0	1	1	0	0
W523924	0	1	0	0	1	1	0	0
W523925	0	1	0	0	1	1	0	0
W523926	0	1	1	0	1	1	0	0
W523927	0	1	0	0	1	0	1	0
W523928	0	1	0	0	1	0	1	0
W523929	0	1	0	0	1	0	1	0
W523930	0	1	0	0	1	1	0	0
W523931	0	1	0	1	1	0	1	0
W523932	0	1	0	0	1	1	0	0
W523933	0	1	0	0	1	1	0	0
W523934	0	1	0	0	1	1	0	0
W523935	0	1	0	0	1	1	0	0
W523936	0	1	0	0	1	1	0	0
W523937	0	1	0	0	1	1	0	0
W523938	0	0	0	0	0	0	1	0
W523939	0	1	0	0	1	1	0	0
W523940	0	1	0	0	1	1	0	0
W523941	0	0	0	0	0	0	0	0
W523942	0	1	1	0	1	1	0	0
W523943	0	1	1	1	1	1	1	0
W523944	0	1	1	1	1	1	1	0
W523945	0	1	1	1	1	1	1	0
W523946	0	1	1	1	1	1	1	0
W523947	0	1	1	1	1	1	1	0
W523948	0	1	1	1	1	1	1	0
W523949	0	1	1	1	1	1	1	0
W523950	0	1	1	1	1	1	1	0
W523951	0	1	1	1	1	1	1	0
W523952	0	1	1	1	1	1	1	0
W523953	0	1	1	1	1	1	1	0
W523954	0	1	1	1	1	1	1	0
W523955	0	1	1	1	1	1	1	0
W523956	0	1	1	1	1	1	1	0
W523957	0	1	1	1	1	1	1	0
W523958	0	1	1	1	1	1	1	0
W523959	0	1	1	1	1	1	1	0
W523960	0	1	1	1	1	1	1	0
W523961	0	1	1	1	1	1	1	0
W523962	0	1	1	1	1	1	1	0
W523963	0	1	1	1	1	1	1	0
W523964	0	1	1	1	1	1	1	0
W523965	0	1	1	1	1	1	1	0
W524019	0	0	0	0	0	1	1	0
W524020	0	1	1	1	0	1	0	0
W524053	0	1	0	0	1	1	0	0
W524054	0	1	1	0	1	1	0	0
W524056	0	0	0	0	0	0	0	0
W524134	0	1	1	0	0	0	1	0
W524135	0	1	0	0	1	1	0	0
W524167	0	1	0	0	1	0	1	0
W524168	0	1	0	0	1	1	0	0
W524187	0	1	0	1	1	0	1	0
W524188	0	1	0	1	1	0	1	0
W524189	0	1	0	1	1	0	1	0
W524190	0	1	1	1	1	1	1	0
W524191	0	1	1	1	1	1	1	0
W524192	0	1	0	0	1	1	0	0
W524193	0	0	0	0	0	0	0	0
W524225	0	1	1	1	1	0	1	0
W524226	0	1	1	1	1	0	1	0
W524227	0	1	1	1	1	0	1	0
W524228	0	1	1	1	1	0	1	0
W524229	0	1	1	1	1	0	1	0
W524230	0	1	1	1	1	0	1	0
W524231	0	1	1	1	1	0	1	0
W524232	0	1	1	1	1	0	1	0
W524233	0	1	1	1	1	0	1	0
W524234	0	1	1	1	1	0	1	0
W524235	0	1	1	1	1	0	1	0
W524236	0	1	1	1	1	0	1	0
W524237	0	1	1	1	1	0	1	0
W524238	0	1	1	1	1	0	1	0
W524239	0	1	1	1	1	0	1	0
W524240	0	1	1	1	1	0	1	0
W524241	0	1	1	1	1	0	1	0
W524242	0	1	1	1	1	0	1	0
W524243	0	1	1	1	1	0	1	0
W524244	0	1	1	1	1	0	1	0
W524245	0	1	1	1	1	0	1	0
W524246	0	1	1	1	1	0	1	0
W524247	0	1	1	1	1	0	1	0
W524248	0	1	1	1	1	0	1	0
W524249	0	1	1	1	1	0	1	0
W524250	0	1	0	0	1	1	0	0
W524251	0	1	0	0	1	1	0	0
W524252	0	1	0	0	1	1	0	0
W524253	0	1	0	0	1	1	0	0
W524254	0	1	1	1	1	0	1	0
W524255	0	1	1	1	1	0	1	0
W524256	0	1	1	1	1	0	1	0
W524257	0	1	1	1	1	0	1	0
W524258	0	1	1	1	1	0	1	0
W524259	0	1	1	1	1	0	1	0
W524260	0	1	1	1	1	0	1	0
W524261	0	1	1	1	1	0	1	0
W524262	0	1	1	1	1	0	1	0
W524263	0	1	1	1	1	0	1	0
W524264	0	1	1	1	1	0	1	0
W524265	0	1	1	1	1	0	1	0
W524266	0	1	1	1	1	0	1	0
W524267	0	1	1	1	1	0	1	0
W524268	0	1	1	1	1	0	1	0
W524269	0	1	1	1	1	0	1	0
W524270	0	1	1	1	1	0	1	0
W524271	0	1	1	1	1	0	1	0
W524272	0	1	1	1	1	0	1	0
W524273	0	1	1	1	1	0	1	0
W524274	0	1	1	1	1	0	1	0
W524275	0	1	1	1	1	0	1	0
W524276	0	1	1	1	1	0	1	0
W524277	0	1	1	1	1	0	1	0
W524278	0	1	1	1	1	0	1	0
W524279	0	1	1	1	1	0	1	0
W524280	0	1	1	1	1	0	1	0
W524281	0	1	1	1	1	0	1	0
W524282	0	1	1	1	1	0	1	0
W524283	0	1	1	1	1	0	1	0
W524284	0	1	1	1	0	1	0	0
W524285	0	1	0	0	1	1	0	0
W524286	0	1	0	0	1	1	0	0
W524287	0	1	0	0	1	1	0	0
W524288	0	1	0	0	1	1	0	0
W524289	0	1	0	0	1	1	0	0
W524290	0	1	0	0	1	1	0	0
W524291	0	1	0	0	1	1	0	0
W524292	0	1	1	0	1	1	0	0
W524293	0	1	0	0	1	1	0	0
W524294	0	1	0	0	1	1	0	0
W524295	0	1	0	0	1	1	0	0
W524296	0	1	0	0	1	1	0	0
W524297	0	1	0	0	1	1	0	0
W524298	0	1	0	0	1	1	0	0
W524299	0	1	0	0	1	1	0	0
W524329	0	1	1	1	1	0	1	0
W524350	0	1	0	0	1	1	0	0
W524401	0	1	1	1	1	0	1	0
W524418	0	0	0	0	0	1	1	0
W524419	0	1	0	0	1	1	0	0
W524420	0	1	0	0	1	1	0	0
W524715	0	1	1	1	1	1	1	0
W524716	0	1	1	1	1	1	1	0
W524717	0	1	1	1	1	1	1	0
W524718	0	1	1	1	1	1	1	0
W524719	0	1	1	1	1	1	1	0
W524720	0	1	1	1	1	1	1	0
W524721	0	1	1	1	1	1	1	0
W524722	0	1	1	1	1	1	1	0
W524723	0	1	1	1	1	1	1	0
W524724	0	1	1	1	1	1	1	0
W524725	0	1	0	0	1	1	0	0
W524726	0	0	0	0	0	1	1	0
W524730	0	1	0	0	1	1	0	0
W524818	0	1	1	1	0	1	0	0
W524819	0	1	1	1	1	1	1	0
W524820	0	1	1	1	1	1	1	0
W524821	0	1	1	1	0	1	0	0
W524822	0	1	1	1	1	1	1	0
W524823	0	1	1	1	1	1	1	0
W524824	0	1	1	1	1	0	1	0
W524957	0	1	0	1	1	1	0	0
W524989	0	1	0	0	0	0	1	0
W525105	0	0	0	0	0	0	0	0
W525116	0	1	1	1	0	1	0	0
W525117	0	1	1	1	1	1	0	0
W525118	0	1	1	1	1	1	0	0
W525119	0	1	1	1	1	1	0	0
W525120	0	1	1	1	0	1	0	0
W525121	0	1	1	1	1	1	1	0
W525122	0	1	0	0	0	0	0	0
W525123	0	1	0	1	1	1	0	0
W525124	0	1	0	1	1	1	0	0
W525125	0	1	1	1	1	1	0	0
W525126	0	1	0	1	1	1	0	0
W525127	0	1	0	0	1	0	0	0
W525141	0	1	0	0	1	1	0	0
W525203	0	1	0	0	1	1	0	0
W525203A	0	1	0	0	1	1	0	0
W525204	0	1	0	0	1	1	0	0
W525204A	0	1	0	0	1	1	0	0
W525205	0	1	0	0	1	1	0	0
W525205A	0	1	0	0	1	1	0	0
W525206	0	1	0	0	1	1	0	0
W525206A	0	1	0	0	1	1	0	0
W525207	0	1	1	1	1	0	1	0
W525207A	0	1	1	1	1	0	1	0
W525218	0	1	0	0	1	1	0	0
W525229	0	1	0	0	1	0	1	0
W525247	0	1	1	1	1	0	1	0
W525330	0	1	0	0	1	1	0	0
W525334	0	1	1	1	1	0	1	0
W525389	0	1	1	1	1	1	1	0
W525431	0	1	1	1	1	1	1	0
W525432	0	0	0	0	0	0	1	0
W525624	0	1	1	1	1	1	1	0
W525625	0	1	1	1	1	1	1	0
W525626	0	1	1	1	1	1	1	0
W525627	0	1	1	1	1	1	1	0
W525628	0	1	1	1	1	1	1	0
W525629	0	1	1	1	1	1	1	0
W525630	0	1	1	1	1	1	1	0
W525631	0	1	1	1	1	1	1	0
W525632	0	1	1	1	1	1	1	0
W525633	0	1	1	1	1	1	1	0
W525634	0	1	1	1	1	1	1	0
W525635	0	1	1	1	1	1	1	0
W525636	0	1	1	0	1	1	0	0
W525637	0	1	1	1	1	1	1	0
W525638	0	1	1	1	1	1	1	0
W525639	0	1	0	0	1	1	0	0
W525640	0	1	0	0	1	1	0	0
W525641	0	1	0	1	1	0	1	0
W525706	0	0	0	0	0	0	0	0
W525835	0	1	0	0	1	1	0	0
W525836	0	1	1	0	1	0	0	0
W525837	0	1	1	0	1	0	0	0
W525852	0	0	0	0	0	1	1	0
W525962	0	1	0	0	1	1	0	0
W525963	0	1	0	0	1	1	0	0
W526265	0	1	1	1	1	0	1	0
W526266	0	1	1	1	1	1	1	0
W526267	0	1	1	1	1	0	1	0
W526268	0	1	1	1	1	1	1	0
W526269	0	1	1	1	1	0	1	0
W526270	0	1	1	1	1	0	1	0
W526271	0	0	0	0	0	0	1	0
W526272	0	1	0	0	1	1	0	0
W526273	0	1	0	0	1	0	1	0
W526274	0	1	1	0	1	1	0	0
W526275	0	1	0	0	1	1	0	0
W526276	0	1	0	1	1	0	1	0
W526277	0	1	0	0	1	1	0	0
W526278	0	1	0	0	1	1	0	0
W526279	0	0	0	0	0	1	0	0
W526363	0	0	0	0	0	0	0	0
W526767	0	0	0	0	0	0	1	0
W526964	0	0	0	0	0	0	0	0
W527655	0	0	0	0	0	0	1	0
W527656	0	1	1	1	0	1	0	0
W528110	0	0	0	0	0	0	0	0
W528114	0	0	0	0	0	0	0	0
W528129	0	0	0	0	0	0	0	0
W528146	0	0	0	0	0	0	1	0
W528149	0	0	0	0	0	0	1	0
W528185	0	0	0	0	0	0	0	0
W528266	0	0	0	0	1	0	0	0
W528477	0	0	0	0	0	0	0	0
W528486	0	0	0	0	0	0	0	0
W528708	0	0	0	0	0	0	1	0
W528709	0	0	0	0	0	0	1	0
W528803	0	0	0	0	0	0	0	0
W528933	0	1	1	1	1	0	1	0
W528934	0	1	0	0	1	1	0	0
W528935	0	1	0	0	1	0	1	0
W528936	0	1	0	0	1	0	1	0
W528937	0	1	1	0	1	0	1	0
W528938	0	1	0	0	1	0	1	0
W528939	0	0	0	0	0	0	1	0
W528940	0	1	1	1	1	0	1	0
W528941	0	1	0	0	1	0	1	0
W528942	0	1	1	1	1	0	1	0
W528943	0	1	0	0	1	0	1	0
W528954	0	1	1	1	1	0	1	0
W528955	0	1	1	1	1	0	1	0
W528956	0	1	1	1	1	0	1	0
W528957	0	1	1	1	1	0	1	0
W528958	0	1	1	1	1	0	1	0
W528959	0	1	1	1	1	0	1	0
W528960	0	1	1	1	1	0	1	0
W528961	0	1	1	1	1	0	1	0
W528962	0	1	1	1	1	0	1	0
W528963	0	0	0	0	0	1	1	0
W528970	0	1	1	1	1	0	1	0
W529006	0	0	0	0	0	0	1	0
W529225	0	1	0	0	1	0	1	0
W529226	0	1	1	1	1	0	1	0
W529256	0	1	1	1	1	0	1	0
W529257	0	1	0	0	1	0	1	0
W529258	0	1	1	1	1	0	1	0
W529259	0	1	0	0	1	1	0	0
W529260	0	1	1	1	1	0	1	0
W529261	0	1	1	0	1	1	0	0
W529262	0	1	0	0	1	0	1	0
W529263	0	1	1	0	1	1	0	0
W529264	0	1	0	0	1	1	0	0
W529265	0	1	1	0	1	1	0	0
W529266	0	1	0	0	1	1	0	0
W529267	0	0	0	0	0	0	1	0
W529268	0	0	0	0	0	0	1	0
W529269	0	1	1	1	1	0	1	0
W529270	0	1	1	1	1	0	1	0
W529271	0	1	1	1	1	1	1	0
W529272	0	1	1	1	1	0	1	0
W529273	0	1	1	1	1	1	1	0
W529274	0	1	1	1	1	0	1	0
W529275	0	1	1	1	1	0	1	0
W529276	0	1	1	1	1	0	1	0
W529277	0	1	1	1	1	0	1	0
W529278	0	1	1	1	1	0	1	0
W529279	0	1	1	1	1	0	1	0
W529280	0	1	1	1	1	0	1	0
W529281	0	1	1	1	1	0	1	0
W529282	0	1	1	1	1	0	1	0
W529283	0	1	1	1	1	0	1	0
W529284	0	1	1	1	1	0	1	0
W529285	0	1	1	1	1	0	1	0
W529286	0	1	1	1	1	0	1	0
W529287	0	1	1	1	1	0	1	0
W529288	0	1	1	1	1	0	1	0
W529310	0	1	0	0	1	0	1	0
W529330	0	1	1	1	1	0	1	0
W529331	0	1	1	1	1	0	1	0
W529332	0	1	1	1	1	0	1	0
W529333	0	1	1	1	1	0	1	0
W529370	0	1	0	0	1	1	0	0
W529371	0	0	0	0	0	0	0	0
W529420	0	1	1	1	1	0	1	0
W529421	0	1	0	0	1	1	0	0
W529422	0	1	0	0	1	0	1	0
W529423	0	1	1	1	1	0	1	0
W529424	0	1	1	1	1	0	1	0
W529444	0	1	0	0	1	0	1	0
W529460	0	1	0	0	1	1	0	0
W529461	0	1	0	0	1	1	0	0
W529462	0	1	1	1	1	0	1	0
W529463	0	1	1	1	1	0	1	0
W529464	0	1	1	1	1	0	1	0
W529465	0	1	1	1	1	0	1	0
W529466	0	1	1	1	1	0	1	0
W529475	0	1	0	1	1	0	1	0
W529476	0	1	0	0	1	0	1	0
W529499	0	1	0	1	1	0	1	0
W529520	0	1	1	1	1	0	1	0
W529525	0	1	1	1	1	0	1	0
W529553	0	1	1	1	1	0	1	0
W529636	0	1	0	1	1	0	1	0
W529637	0	1	1	1	1	0	1	0
W529638	0	1	1	1	1	0	1	0
W529764	0	1	0	0	1	1	0	0
W529767	0	1	1	1	1	0	1	0
W529768	0	1	1	1	1	1	1	0
W529769	0	1	1	1	1	1	1	0
W529770	0	1	1	1	1	1	1	0
W529771	0	1	1	1	1	1	1	0
W529772	0	1	1	1	1	1	1	0
W529773	0	1	1	1	1	0	1	0
W529774	0	1	1	1	1	1	1	0
W529775	0	1	1	1	1	1	1	0
W529776	0	1	1	1	1	1	1	0
W529777	0	1	1	1	1	1	1	0
W529778	0	1	1	1	1	1	1	0
W529779	0	1	1	1	1	1	1	0
W529780	0	1	1	1	1	1	1	0
W529800	0	1	0	1	1	0	1	0
W529801	0	1	1	1	1	1	1	0
W529802	0	1	1	1	1	0	1	0
W529803	0	1	0	0	1	0	1	0
W529804	0	1	0	0	1	0	1	0
W529805	0	1	0	0	1	0	1	0
W529825	0	1	1	1	1	1	1	0
W529826	0	1	1	1	1	1	1	0
W529827	0	1	1	1	1	1	1	0
W529828	0	1	1	1	1	1	1	0
W529833	0	1	1	1	1	1	1	0
W529849	0	0	0	0	0	0	0	0
W529850	0	0	0	0	0	0	0	0
W529851	0	0	0	0	0	0	0	0
W529852	0	0	0	0	0	0	0	0
W529853	0	0	0	0	0	0	0	0
W529855	0	1	1	1	1	1	1	0
W529856	0	1	0	0	1	0	1	0
W529857	0	1	1	1	1	1	1	0
W529858	0	1	1	1	1	1	1	0
W529867	0	0	0	0	0	1	1	0
W530024	0	1	1	1	1	0	1	0
W530025	0	1	1	1	1	1	1	0
W530026	0	1	1	1	1	0	1	0
W530027	0	1	1	1	1	1	1	0
W530028	0	1	1	1	1	1	1	0
W530029	0	1	1	1	1	1	1	0
W530030	0	1	1	1	1	1	1	0
W530031	0	1	1	1	1	1	1	0
W530032	0	1	1	1	1	1	1	0
W530033	0	1	1	1	1	0	1	0
W530034	0	1	1	1	1	1	1	0
W530035	0	1	1	1	1	1	1	0
W530036	0	1	1	1	1	0	1	0
W530037	0	1	1	1	1	1	1	0
W530038	0	1	1	1	1	0	1	0
W530039	0	1	1	1	1	1	1	0
W530040	0	1	1	1	1	1	1	0
W530041	0	1	1	1	1	1	1	0
W530042	0	1	1	1	1	1	1	0
W530043	0	1	1	1	1	1	1	0
W530044	0	1	1	1	1	1	1	0
W530045	0	1	1	1	1	1	1	0
W530046	0	1	1	1	1	1	1	0
W530047	0	1	1	1	1	1	1	0
W530048	0	1	1	1	1	1	1	0
W530049	0	1	1	1	1	1	1	0
W530050	0	1	1	0	1	1	0	0
W530051	0	1	0	1	1	0	1	0
W530052	0	1	1	1	1	1	1	0
W530053	0	1	0	1	1	0	1	0
W530054	0	1	0	0	1	1	0	0
W530055	0	1	0	0	1	0	0	0
W530056	0	0	0	0	0	0	1	0
W530083	0	1	0	1	1	0	1	0
W530084	0	1	0	0	1	0	1	0
W530085	0	1	0	0	1	0	1	0
W530118	0	1	0	0	1	0	1	0
W530136	0	1	1	1	1	1	1	0
W530142	0	1	0	1	1	1	0	0
W530167	0	1	1	1	1	1	1	0
W530168	0	1	1	1	1	1	1	0
W530170	0	1	0	0	1	0	1	0
W530171	0	1	0	0	1	0	1	0
W530172	0	1	1	1	1	1	0	0
W530173	0	1	1	1	1	1	0	0
W530174	0	1	1	1	1	1	0	0
W530194	0	1	1	0	1	0	1	0
W530195	0	1	0	1	1	1	0	0
W530196	0	1	1	1	1	1	0	0
W530201	0	1	1	1	1	0	1	0
W530210	0	1	1	1	1	1	1	0
W530211	0	1	1	1	1	1	1	0
W530212	0	1	1	1	1	1	1	0
W530213	0	1	1	1	1	1	1	0
W530252	0	1	1	1	1	1	1	0
W530253	0	1	1	1	1	1	1	0
W530254	0	1	1	1	1	1	1	0
W530255	0	1	1	1	1	1	1	0
W530256	0	1	1	0	1	0	1	0
W530257	0	1	1	1	1	1	1	0
W530290	0	0	0	0	0	0	1	0
W530291	0	1	1	1	1	0	1	0
W530292	0	0	0	0	0	0	1	0
W530293	0	1	0	0	1	0	1	0
W530309	0	1	0	0	1	1	0	0
W530310	0	1	0	0	1	0	1	0
W530311	0	1	0	0	1	0	1	0
W530323	0	0	0	0	0	0	1	0
W530324	0	0	0	0	0	0	1	0
W530375	0	0	0	0	0	0	0	0
W530380	0	0	0	0	0	0	1	0
W530381	0	1	1	1	1	0	1	0
W530382	0	1	1	1	1	0	1	0
W530395	0	1	1	1	1	0	1	0
W530396	0	1	1	1	1	0	1	0
W530397	0	1	1	1	1	0	1	0
W530398	0	1	1	1	1	0	1	0
W530399	0	1	1	1	1	0	1	0
W530400	0	1	1	1	1	0	1	0
W530401	0	1	1	1	1	0	1	0
W530402	0	1	1	1	1	0	1	0
W530468	0	0	0	0	0	0	1	0
W530472	0	1	1	1	1	1	1	0
W530473	0	1	1	1	1	1	1	0
W530474	0	1	1	1	1	1	1	0
W530475	0	1	1	1	1	1	1	0
W530476	0	1	1	1	1	1	1	0
W530477	0	1	1	1	1	1	1	0
W530478	0	1	1	1	1	1	1	0
W530479	0	1	1	1	1	1	1	0
W530480	0	1	1	1	1	1	1	0
W530481	0	1	1	1	1	1	1	0
W530482	0	1	1	1	1	1	1	0
W530483	0	1	1	1	1	1	1	0
W530484	0	1	1	1	1	1	1	0
W530485	0	1	1	1	1	1	1	0
W530486	0	1	1	1	1	1	1	0
W530487	0	1	1	1	1	1	1	0
W530488	0	1	1	1	1	1	1	0
W530489	0	1	1	1	1	1	1	0
W530490	0	1	1	1	1	1	1	0
W530491	0	1	1	1	1	1	1	0
W530492	0	1	1	1	1	1	1	0
W530493	0	1	1	1	1	1	1	0
W530494	0	1	1	1	1	1	1	0
W530495	0	1	1	1	1	1	1	0
W530496	0	1	1	1	1	1	1	0
W530497	0	1	1	1	1	1	1	0
W530498	0	1	1	1	1	1	1	0
W530499	0	1	1	1	1	1	1	0
W530500	0	1	1	1	1	1	1	0
W530501	0	1	0	1	1	0	1	0
W530502	0	1	0	0	1	0	1	0
W530503	0	1	0	0	1	0	1	0
W530504	0	1	0	0	1	0	1	0
W530505	0	1	1	0	1	1	0	0
W530506	0	1	1	1	1	1	0	0
W530507	0	1	1	1	1	0	1	0
W530508	0	1	1	1	1	0	1	0
W530509	0	1	1	1	1	0	1	0
W530510	0	1	1	1	1	0	1	0
W530511	0	1	1	1	1	0	1	0
W530512	0	1	1	1	1	0	1	0
W530513	0	0	1	1	1	0	1	0
W530514	0	1	1	1	1	0	1	0
W530515	0	1	1	1	1	0	1	0
W530516	0	1	1	1	1	0	1	0
W530579	0	1	1	1	1	0	1	0
W530580	0	1	1	1	1	0	1	0
W530581	0	1	1	1	1	1	1	0
W530582	0	1	1	1	1	1	1	0
W530583	0	1	1	1	1	1	1	0
W530584	0	1	1	1	1	0	1	0
W530585	0	1	1	1	1	0	1	0
W530586	0	1	1	1	1	0	1	0
W530587	0	1	1	1	1	0	1	0
W530588	0	1	0	0	1	1	0	0
W530589	0	1	0	1	1	0	1	0
W530590	0	1	0	0	1	1	0	0
W530591	0	1	0	1	1	0	1	0
W530592	0	1	1	1	1	0	1	0
W530593	0	1	0	1	1	0	1	0
W530594	0	1	0	0	1	1	0	0
W530595	0	1	1	1	1	0	1	0
W530596	0	1	0	0	1	1	0	0
W530597	0	1	1	1	1	0	1	0
W530598	0	1	0	0	1	0	1	0
W530599	0	1	1	1	1	0	1	0
W530600	0	1	0	0	1	0	1	0
W530601	0	1	0	0	1	0	1	0
W530602	0	1	0	0	1	1	0	0
W530603	0	0	0	0	0	0	1	0
W530604	0	1	0	0	1	0	1	0
W530652	0	0	0	0	0	0	1	0
W530743	0	0	0	0	0	1	1	0
W530744	0	0	0	0	0	1	1	0
W530806	0	0	0	0	0	1	1	0
W530926	0	1	1	1	1	1	1	0
W530927	0	1	1	1	1	1	1	0
W530928	0	1	1	1	1	1	1	0
W530929	0	1	1	1	1	1	1	0
W530930	0	1	1	1	1	1	1	0
W531191	0	0	0	0	0	0	0	0
W531562	0	1	1	1	1	1	0	0
W531572	0	1	1	1	1	1	0	0
W531620	0	0	0	0	0	0	1	0
W531627	0	0	0	0	0	1	1	0
W531656	0	0	0	0	0	0	1	0
W531657	0	0	0	0	0	0	0	0
W531685	0	0	0	0	0	0	1	0
W531686	0	0	0	0	0	0	1	0
W531728	0	0	0	0	0	0	0	0
W531755	0	1	1	1	1	1	0	0
W531961	0	1	0	1	1	1	0	0
W531998	0	0	0	0	0	0	1	0
W532022	0	0	0	0	0	1	1	0
W532119	0	0	0	0	0	0	1	0
W532120	0	0	0	0	0	0	0	0
W532214	0	0	0	0	0	0	1	0
W532279	0	0	0	0	0	1	1	0
W532280	0	0	0	0	0	1	1	0
W532364	0	1	1	1	1	1	0	0
W532365	0	0	0	0	0	1	1	0
W532392	0	0	0	0	0	1	1	0
W532393	0	0	0	0	0	1	1	0
W532394	0	0	0	0	0	1	1	0
W532395	0	0	0	0	0	1	1	0
W532396	0	0	0	0	0	1	1	0
W532397	0	0	0	0	0	1	1	0
W532398	0	0	0	0	0	1	1	0
W532399	0	0	0	0	0	1	1	0
W532400	0	0	0	0	0	1	1	0
W532401	0	0	0	0	0	1	1	0
W532402	0	0	0	0	0	1	1	0
W532403	0	0	0	0	0	1	1	0
W532404	0	0	0	0	0	1	1	0
W532405	0	0	0	0	0	1	1	0
W532406	0	0	0	0	0	1	1	0
W532407	0	0	0	0	0	1	1	0
W532416	0	0	0	0	0	1	1	0
W532417	0	0	0	0	0	1	1	0
W532441	0	0	0	0	0	1	1	0
W532442	0	0	0	0	0	1	1	0
W532443	0	0	0	0	0	1	1	0
W532444	0	0	0	0	0	1	1	0
W532445	0	0	0	0	0	1	1	0
W532446	0	0	0	0	0	1	1	0
W532447	0	0	0	0	0	1	1	0
W532448	0	0	0	0	0	1	1	0
W532449	0	0	0	0	0	1	1	0
W532509	0	1	1	1	1	1	0	0
W532636	0	0	0	0	0	1	1	0
W532637	0	1	1	1	1	1	0	0
